timestamp,backbone,model,seed,num_params,model_size_mb,val_acc,val_uar,val_f1_macro,val_precision_macro,val_recall_macro,val_f1_weighted,val_precision_weighted,val_recall_weighted,test_acc,test_uar,test_f1_macro,test_precision_macro,test_recall_macro,test_f1_weighted,test_precision_weighted,test_recall_weighted,retrain_test_acc,retrain_test_uar,retrain_test_f1_macro,retrain_test_precision_macro,retrain_test_recall_macro,retrain_test_f1_weighted,retrain_test_precision_weighted,retrain_test_recall_weighted,notes,d_model,dropout,layers,epochs,patience,batch_size,lr,weight_decay,label_smoothing,no_class_weights,pool,tin,tin_affine,use_specaug,use_moddrop,audio_dim,video_dim,cv_foldID,train_actors,val_actors,test_actors,ablation_phase
25/10/2025 10:45,mobilenetv3_small_100,mamba,42,538505,2.0852,0.4958,0.4922,0.4848,0.5866,0.4922,0.4889,0.5983,0.4958,0,0,0,0,0,0,0,0,0,0,0,0,0,0,0,0,features=mobilenetv3_small_100,128,0.15,2,40,10,32,0.001,0.0005,0.02,FALSE,attn,off,FALSE,FALSE,FALSE,1024,1024,0,9-10-11-12-13-14-15-16-17-18-19-20-21-22-23-24,5-6-7-8,1-2-3-4,0
25/10/2025 10:46,mobilenetv3_small_100,mamba,42,538505,2.0852,0.4542,0.4492,0.4539,0.5654,0.4492,0.4592,0.5781,0.4542,0,0,0,0,0,0,0,0,0,0,0,0,0,0,0,0,features=mobilenetv3_small_100,128,0.25,2,40,10,32,0.001,0.0005,0.02,FALSE,attn,off,FALSE,FALSE,FALSE,1024,1024,0,9-10-11-12-13-14-15-16-17-18-19-20-21-22-23-24,5-6-7-8,1-2-3-4,0
25/10/2025 10:46,mobilenetv3_small_100,mamba,42,655241,2.5346,0.5167,0.5078,0.5163,0.6083,0.5078,0.525,0.6221,0.5167,0,0,0,0,0,0,0,0,0,0,0,0,0,0,0,0,features=mobilenetv3_small_100,128,0.15,3,40,10,32,0.001,0.0005,0.02,FALSE,attn,off,FALSE,FALSE,FALSE,1024,1024,0,9-10-11-12-13-14-15-16-17-18-19-20-21-22-23-24,5-6-7-8,1-2-3-4,0
25/10/2025 10:46,mobilenetv3_small_100,mamba,42,655241,2.5346,0.4917,0.4844,0.5052,0.5972,0.4844,0.5113,0.6062,0.4917,0,0,0,0,0,0,0,0,0,0,0,0,0,0,0,0,features=mobilenetv3_small_100,128,0.25,3,40,10,32,0.001,0.0005,0.02,FALSE,attn,off,FALSE,FALSE,FALSE,1024,1024,0,9-10-11-12-13-14-15-16-17-18-19-20-21-22-23-24,5-6-7-8,1-2-3-4,0
25/10/2025 10:47,mobilenetv3_small_100,mamba,42,961353,3.6983,0.5125,0.5,0.5071,0.5868,0.5,0.5171,0.5982,0.5125,0,0,0,0,0,0,0,0,0,0,0,0,0,0,0,0,features=mobilenetv3_small_100,192,0.15,2,40,10,32,0.001,0.0005,0.02,FALSE,attn,off,FALSE,FALSE,FALSE,1024,1024,0,9-10-11-12-13-14-15-16-17-18-19-20-21-22-23-24,5-6-7-8,1-2-3-4,0
25/10/2025 10:47,mobilenetv3_small_100,mamba,42,961353,3.6983,0.5417,0.5312,0.5323,0.5785,0.5312,0.5419,0.5904,0.5417,0,0,0,0,0,0,0,0,0,0,0,0,0,0,0,0,features=mobilenetv3_small_100,192,0.25,2,40,10,32,0.001,0.0005,0.02,FALSE,attn,off,FALSE,FALSE,FALSE,1024,1024,0,9-10-11-12-13-14-15-16-17-18-19-20-21-22-23-24,5-6-7-8,1-2-3-4,0
25/10/2025 10:48,mobilenetv3_small_100,mamba,42,1213257,4.6633,0.4833,0.4766,0.4938,0.5907,0.4766,0.4992,0.5994,0.4833,0,0,0,0,0,0,0,0,0,0,0,0,0,0,0,0,features=mobilenetv3_small_100,192,0.15,3,40,10,32,0.001,0.0005,0.02,FALSE,attn,off,FALSE,FALSE,FALSE,1024,1024,0,9-10-11-12-13-14-15-16-17-18-19-20-21-22-23-24,5-6-7-8,1-2-3-4,0
25/10/2025 10:48,mobilenetv3_small_100,mamba,42,1213257,4.6633,0.4875,0.4727,0.4855,0.5764,0.4727,0.4995,0.5944,0.4875,0,0,0,0,0,0,0,0,0,0,0,0,0,0,0,0,features=mobilenetv3_small_100,192,0.25,3,40,10,32,0.001,0.0005,0.02,FALSE,attn,off,FALSE,FALSE,FALSE,1024,1024,0,9-10-11-12-13-14-15-16-17-18-19-20-21-22-23-24,5-6-7-8,1-2-3-4,0
25/10/2025 10:49,mobilenetv3_small_100,mamba,42,1494793,5.7332,0.5333,0.5312,0.5315,0.5907,0.5312,0.5347,0.5987,0.5333,0,0,0,0,0,0,0,0,0,0,0,0,0,0,0,0,features=mobilenetv3_small_100,256,0.15,2,40,10,32,0.001,0.0005,0.02,FALSE,attn,off,FALSE,FALSE,FALSE,1024,1024,0,9-10-11-12-13-14-15-16-17-18-19-20-21-22-23-24,5-6-7-8,1-2-3-4,0
25/10/2025 10:49,mobilenetv3_small_100,mamba,42,1494793,5.7332,0.4958,0.4883,0.4909,0.5548,0.4883,0.4986,0.5668,0.4958,0,0,0,0,0,0,0,0,0,0,0,0,0,0,0,0,features=mobilenetv3_small_100,256,0.25,2,40,10,32,0.001,0.0005,0.02,FALSE,attn,off,FALSE,FALSE,FALSE,1024,1024,0,9-10-11-12-13-14-15-16-17-18-19-20-21-22-23-24,5-6-7-8,1-2-3-4,0
25/10/2025 10:50,mobilenetv3_small_100,mamba,42,1933065,7.4092,0.4917,0.4844,0.5043,0.6077,0.4844,0.5104,0.6174,0.4917,0,0,0,0,0,0,0,0,0,0,0,0,0,0,0,0,features=mobilenetv3_small_100,256,0.15,3,40,10,32,0.001,0.0005,0.02,FALSE,attn,off,FALSE,FALSE,FALSE,1024,1024,0,9-10-11-12-13-14-15-16-17-18-19-20-21-22-23-24,5-6-7-8,1-2-3-4,0
25/10/2025 10:50,mobilenetv3_small_100,mamba,42,1933065,7.4092,0.5333,0.5312,0.5345,0.6149,0.5312,0.5368,0.6226,0.5333,0,0,0,0,0,0,0,0,0,0,0,0,0,0,0,0,features=mobilenetv3_small_100,256,0.25,3,40,10,32,0.001,0.0005,0.02,FALSE,attn,off,FALSE,FALSE,FALSE,1024,1024,0,9-10-11-12-13-14-15-16-17-18-19-20-21-22-23-24,5-6-7-8,1-2-3-4,0
25/10/2025 10:50,mobilenetv3_small_100,mamba,42,961353,3.6983,0.5417,0.5312,0.5323,0.5785,0.5312,0.5419,0.5904,0.5417,0,0,0,0,0,0,0,0,0,0,0,0,0,0,0,0,features=mobilenetv3_small_100,192,0.25,2,40,10,32,0.001,0.0005,0.02,FALSE,attn,off,FALSE,FALSE,FALSE,1024,1024,0,9-10-11-12-13-14-15-16-17-18-19-20-21-22-23-24,5-6-7-8,1-2-3-4,1
25/10/2025 10:51,mobilenetv3_small_100,mamba,42,924105,3.555,0.4333,0.4219,0.4086,0.5264,0.4219,0.4181,0.5425,0.4333,0,0,0,0,0,0,0,0,0,0,0,0,0,0,0,0,features=mobilenetv3_small_100,192,0.25,2,40,10,32,0.001,0.0005,0.02,FALSE,mean,off,FALSE,FALSE,FALSE,1024,1024,0,9-10-11-12-13-14-15-16-17-18-19-20-21-22-23-24,5-6-7-8,1-2-3-4,1
25/10/2025 10:51,mobilenetv3_small_100,mamba,42,961353,3.6983,0.4833,0.4688,0.4675,0.5711,0.4688,0.4796,0.587,0.4833,0,0,0,0,0,0,0,0,0,0,0,0,0,0,0,0,features=mobilenetv3_small_100,192,0.25,2,40,10,32,0.001,0.0005,0.02,FALSE,topk,off,FALSE,FALSE,FALSE,1024,1024,0,9-10-11-12-13-14-15-16-17-18-19-20-21-22-23-24,5-6-7-8,1-2-3-4,1
25/10/2025 10:52,mobilenetv3_small_100,mamba,42,1494793,5.7332,0.5333,0.5312,0.5315,0.5907,0.5312,0.5347,0.5987,0.5333,0,0,0,0,0,0,0,0,0,0,0,0,0,0,0,0,features=mobilenetv3_small_100,256,0.15,2,40,10,32,0.001,0.0005,0.02,FALSE,attn,off,FALSE,FALSE,FALSE,1024,1024,0,9-10-11-12-13-14-15-16-17-18-19-20-21-22-23-24,5-6-7-8,1-2-3-4,1
25/10/2025 10:52,mobilenetv3_small_100,mamba,42,1428745,5.4801,0.4875,0.4727,0.4721,0.6199,0.4727,0.4822,0.6316,0.4875,0,0,0,0,0,0,0,0,0,0,0,0,0,0,0,0,features=mobilenetv3_small_100,256,0.15,2,40,10,32,0.001,0.0005,0.02,FALSE,mean,off,FALSE,FALSE,FALSE,1024,1024,0,9-10-11-12-13-14-15-16-17-18-19-20-21-22-23-24,5-6-7-8,1-2-3-4,1
25/10/2025 10:52,mobilenetv3_small_100,mamba,42,1494793,5.7332,0.4792,0.4688,0.4707,0.5477,0.4688,0.4813,0.5634,0.4792,0,0,0,0,0,0,0,0,0,0,0,0,0,0,0,0,features=mobilenetv3_small_100,256,0.15,2,40,10,32,0.001,0.0005,0.02,FALSE,topk,off,FALSE,FALSE,FALSE,1024,1024,0,9-10-11-12-13-14-15-16-17-18-19-20-21-22-23-24,5-6-7-8,1-2-3-4,1
25/10/2025 10:53,mobilenetv3_small_100,mamba,42,1933065,7.4092,0.5333,0.5312,0.5345,0.6149,0.5312,0.5368,0.6226,0.5333,0,0,0,0,0,0,0,0,0,0,0,0,0,0,0,0,features=mobilenetv3_small_100,256,0.25,3,40,10,32,0.001,0.0005,0.02,FALSE,attn,off,FALSE,FALSE,FALSE,1024,1024,0,9-10-11-12-13-14-15-16-17-18-19-20-21-22-23-24,5-6-7-8,1-2-3-4,1
25/10/2025 10:53,mobilenetv3_small_100,mamba,42,1867017,7.1561,0.4333,0.4219,0.4366,0.5899,0.4219,0.4443,0.5996,0.4333,0,0,0,0,0,0,0,0,0,0,0,0,0,0,0,0,features=mobilenetv3_small_100,256,0.25,3,40,10,32,0.001,0.0005,0.02,FALSE,mean,off,FALSE,FALSE,FALSE,1024,1024,0,9-10-11-12-13-14-15-16-17-18-19-20-21-22-23-24,5-6-7-8,1-2-3-4,1
25/10/2025 10:54,mobilenetv3_small_100,mamba,42,1933065,7.4092,0.4875,0.4844,0.4812,0.5689,0.4844,0.4841,0.5777,0.4875,0,0,0,0,0,0,0,0,0,0,0,0,0,0,0,0,features=mobilenetv3_small_100,256,0.25,3,40,10,32,0.001,0.0005,0.02,FALSE,topk,off,FALSE,FALSE,FALSE,1024,1024,0,9-10-11-12-13-14-15-16-17-18-19-20-21-22-23-24,5-6-7-8,1-2-3-4,1
25/10/2025 10:54,mobilenetv3_small_100,mamba,42,655241,2.5346,0.5167,0.5078,0.5163,0.6083,0.5078,0.525,0.6221,0.5167,0,0,0,0,0,0,0,0,0,0,0,0,0,0,0,0,features=mobilenetv3_small_100,128,0.15,3,40,10,32,0.001,0.0005,0.02,FALSE,attn,off,FALSE,FALSE,FALSE,1024,1024,0,9-10-11-12-13-14-15-16-17-18-19-20-21-22-23-24,5-6-7-8,1-2-3-4,1
25/10/2025 10:54,mobilenetv3_small_100,mamba,42,638601,2.47,0.4833,0.4688,0.4644,0.5377,0.4688,0.4776,0.5545,0.4833,0,0,0,0,0,0,0,0,0,0,0,0,0,0,0,0,features=mobilenetv3_small_100,128,0.15,3,40,10,32,0.001,0.0005,0.02,FALSE,mean,off,FALSE,FALSE,FALSE,1024,1024,0,9-10-11-12-13-14-15-16-17-18-19-20-21-22-23-24,5-6-7-8,1-2-3-4,1
25/10/2025 10:55,mobilenetv3_small_100,mamba,42,655241,2.5347,0.5042,0.4883,0.4892,0.5394,0.4883,0.5013,0.5487,0.5042,0,0,0,0,0,0,0,0,0,0,0,0,0,0,0,0,features=mobilenetv3_small_100,128,0.15,3,40,10,32,0.001,0.0005,0.02,FALSE,topk,off,FALSE,FALSE,FALSE,1024,1024,0,9-10-11-12-13-14-15-16-17-18-19-20-21-22-23-24,5-6-7-8,1-2-3-4,1
25/10/2025 10:55,mobilenetv3_small_100,mamba,42,961353,3.6983,0.5125,0.5,0.5071,0.5868,0.5,0.5171,0.5982,0.5125,0,0,0,0,0,0,0,0,0,0,0,0,0,0,0,0,features=mobilenetv3_small_100,192,0.15,2,40,10,32,0.001,0.0005,0.02,FALSE,attn,off,FALSE,FALSE,FALSE,1024,1024,0,9-10-11-12-13-14-15-16-17-18-19-20-21-22-23-24,5-6-7-8,1-2-3-4,1
25/10/2025 10:56,mobilenetv3_small_100,mamba,42,924105,3.555,0.4292,0.4219,0.4224,0.5543,0.4219,0.4309,0.5728,0.4292,0,0,0,0,0,0,0,0,0,0,0,0,0,0,0,0,features=mobilenetv3_small_100,192,0.15,2,40,10,32,0.001,0.0005,0.02,FALSE,mean,off,FALSE,FALSE,FALSE,1024,1024,0,9-10-11-12-13-14-15-16-17-18-19-20-21-22-23-24,5-6-7-8,1-2-3-4,1
25/10/2025 10:56,mobilenetv3_small_100,mamba,42,961353,3.6983,0.475,0.4609,0.4631,0.5768,0.4609,0.4734,0.5886,0.475,0,0,0,0,0,0,0,0,0,0,0,0,0,0,0,0,features=mobilenetv3_small_100,192,0.15,2,40,10,32,0.001,0.0005,0.02,FALSE,topk,off,FALSE,FALSE,FALSE,1024,1024,0,9-10-11-12-13-14-15-16-17-18-19-20-21-22-23-24,5-6-7-8,1-2-3-4,1
25/10/2025 10:57,mobilenetv3_small_100,mamba,42,538505,2.0852,0.4958,0.4922,0.4848,0.5866,0.4922,0.4889,0.5983,0.4958,0,0,0,0,0,0,0,0,0,0,0,0,0,0,0,0,features=mobilenetv3_small_100,128,0.15,2,40,10,32,0.001,0.0005,0.02,FALSE,attn,off,FALSE,FALSE,FALSE,1024,1024,0,9-10-11-12-13-14-15-16-17-18-19-20-21-22-23-24,5-6-7-8,1-2-3-4,1
25/10/2025 10:57,mobilenetv3_small_100,mamba,42,521865,2.0206,0.4542,0.4414,0.4428,0.542,0.4414,0.4509,0.5485,0.4542,0,0,0,0,0,0,0,0,0,0,0,0,0,0,0,0,features=mobilenetv3_small_100,128,0.15,2,40,10,32,0.001,0.0005,0.02,FALSE,mean,off,FALSE,FALSE,FALSE,1024,1024,0,9-10-11-12-13-14-15-16-17-18-19-20-21-22-23-24,5-6-7-8,1-2-3-4,1
25/10/2025 10:57,mobilenetv3_small_100,mamba,42,538505,2.0852,0.4542,0.4492,0.4545,0.5881,0.4492,0.4572,0.5966,0.4542,0,0,0,0,0,0,0,0,0,0,0,0,0,0,0,0,features=mobilenetv3_small_100,128,0.15,2,40,10,32,0.001,0.0005,0.02,FALSE,topk,off,FALSE,FALSE,FALSE,1024,1024,0,9-10-11-12-13-14-15-16-17-18-19-20-21-22-23-24,5-6-7-8,1-2-3-4,1
25/10/2025 10:58,mobilenetv3_small_100,mamba,42,1494793,5.7332,0.4958,0.4883,0.4909,0.5548,0.4883,0.4986,0.5668,0.4958,0,0,0,0,0,0,0,0,0,0,0,0,0,0,0,0,features=mobilenetv3_small_100,256,0.25,2,40,10,32,0.001,0.0005,0.02,FALSE,attn,off,FALSE,FALSE,FALSE,1024,1024,0,9-10-11-12-13-14-15-16-17-18-19-20-21-22-23-24,5-6-7-8,1-2-3-4,1
25/10/2025 10:58,mobilenetv3_small_100,mamba,42,1428745,5.4801,0.45,0.4453,0.4443,0.5686,0.4453,0.4523,0.5874,0.45,0,0,0,0,0,0,0,0,0,0,0,0,0,0,0,0,features=mobilenetv3_small_100,256,0.25,2,40,10,32,0.001,0.0005,0.02,FALSE,mean,off,FALSE,FALSE,FALSE,1024,1024,0,9-10-11-12-13-14-15-16-17-18-19-20-21-22-23-24,5-6-7-8,1-2-3-4,1
25/10/2025 10:59,mobilenetv3_small_100,mamba,42,1494793,5.7332,0.4833,0.4688,0.4686,0.5587,0.4688,0.4801,0.5717,0.4833,0,0,0,0,0,0,0,0,0,0,0,0,0,0,0,0,features=mobilenetv3_small_100,256,0.25,2,40,10,32,0.001,0.0005,0.02,FALSE,topk,off,FALSE,FALSE,FALSE,1024,1024,0,9-10-11-12-13-14-15-16-17-18-19-20-21-22-23-24,5-6-7-8,1-2-3-4,1
25/10/2025 10:59,mobilenetv3_small_100,mamba,42,655241,2.5346,0.4917,0.4844,0.5052,0.5972,0.4844,0.5113,0.6062,0.4917,0,0,0,0,0,0,0,0,0,0,0,0,0,0,0,0,features=mobilenetv3_small_100,128,0.25,3,40,10,32,0.001,0.0005,0.02,FALSE,attn,off,FALSE,FALSE,FALSE,1024,1024,0,9-10-11-12-13-14-15-16-17-18-19-20-21-22-23-24,5-6-7-8,1-2-3-4,1
25/10/2025 11:00,mobilenetv3_small_100,mamba,42,638601,2.47,0.45,0.4414,0.4325,0.5224,0.4414,0.4423,0.5397,0.45,0,0,0,0,0,0,0,0,0,0,0,0,0,0,0,0,features=mobilenetv3_small_100,128,0.25,3,40,10,32,0.001,0.0005,0.02,FALSE,mean,off,FALSE,FALSE,FALSE,1024,1024,0,9-10-11-12-13-14-15-16-17-18-19-20-21-22-23-24,5-6-7-8,1-2-3-4,1
25/10/2025 11:00,mobilenetv3_small_100,mamba,42,655241,2.5347,0.5,0.4922,0.496,0.5333,0.4922,0.5069,0.5489,0.5,0,0,0,0,0,0,0,0,0,0,0,0,0,0,0,0,features=mobilenetv3_small_100,128,0.25,3,40,10,32,0.001,0.0005,0.02,FALSE,topk,off,FALSE,FALSE,FALSE,1024,1024,0,9-10-11-12-13-14-15-16-17-18-19-20-21-22-23-24,5-6-7-8,1-2-3-4,1
25/10/2025 11:00,mobilenetv3_small_100,mamba,42,1933065,7.4092,0.4917,0.4844,0.5043,0.6077,0.4844,0.5104,0.6174,0.4917,0,0,0,0,0,0,0,0,0,0,0,0,0,0,0,0,features=mobilenetv3_small_100,256,0.15,3,40,10,32,0.001,0.0005,0.02,FALSE,attn,off,FALSE,FALSE,FALSE,1024,1024,0,9-10-11-12-13-14-15-16-17-18-19-20-21-22-23-24,5-6-7-8,1-2-3-4,1
25/10/2025 11:01,mobilenetv3_small_100,mamba,42,1867017,7.1561,0.4458,0.4336,0.4396,0.5732,0.4336,0.4506,0.5909,0.4458,0,0,0,0,0,0,0,0,0,0,0,0,0,0,0,0,features=mobilenetv3_small_100,256,0.15,3,40,10,32,0.001,0.0005,0.02,FALSE,mean,off,FALSE,FALSE,FALSE,1024,1024,0,9-10-11-12-13-14-15-16-17-18-19-20-21-22-23-24,5-6-7-8,1-2-3-4,1
25/10/2025 11:01,mobilenetv3_small_100,mamba,42,1933065,7.4092,0.4917,0.4844,0.4932,0.5527,0.4844,0.4994,0.561,0.4917,0,0,0,0,0,0,0,0,0,0,0,0,0,0,0,0,features=mobilenetv3_small_100,256,0.15,3,40,10,32,0.001,0.0005,0.02,FALSE,topk,off,FALSE,FALSE,FALSE,1024,1024,0,9-10-11-12-13-14-15-16-17-18-19-20-21-22-23-24,5-6-7-8,1-2-3-4,1
25/10/2025 11:02,mobilenetv3_small_100,mamba,42,1213257,4.6633,0.4875,0.4727,0.4855,0.5764,0.4727,0.4995,0.5944,0.4875,0,0,0,0,0,0,0,0,0,0,0,0,0,0,0,0,features=mobilenetv3_small_100,192,0.25,3,40,10,32,0.001,0.0005,0.02,FALSE,attn,off,FALSE,FALSE,FALSE,1024,1024,0,9-10-11-12-13-14-15-16-17-18-19-20-21-22-23-24,5-6-7-8,1-2-3-4,1
25/10/2025 11:02,mobilenetv3_small_100,mamba,42,1176009,4.52,0.4833,0.4688,0.4607,0.5401,0.4688,0.4716,0.5519,0.4833,0,0,0,0,0,0,0,0,0,0,0,0,0,0,0,0,features=mobilenetv3_small_100,192,0.25,3,40,10,32,0.001,0.0005,0.02,FALSE,mean,off,FALSE,FALSE,FALSE,1024,1024,0,9-10-11-12-13-14-15-16-17-18-19-20-21-22-23-24,5-6-7-8,1-2-3-4,1
25/10/2025 11:03,mobilenetv3_small_100,mamba,42,1213257,4.6633,0.4708,0.4609,0.4729,0.5682,0.4609,0.4815,0.5804,0.4708,0,0,0,0,0,0,0,0,0,0,0,0,0,0,0,0,features=mobilenetv3_small_100,192,0.25,3,40,10,32,0.001,0.0005,0.02,FALSE,topk,off,FALSE,FALSE,FALSE,1024,1024,0,9-10-11-12-13-14-15-16-17-18-19-20-21-22-23-24,5-6-7-8,1-2-3-4,1
25/10/2025 11:03,mobilenetv3_small_100,mamba,42,961353,3.6983,0.4875,0.4766,0.4826,0.5814,0.4766,0.4933,0.598,0.4875,0,0,0,0,0,0,0,0,0,0,0,0,0,0,0,0,features=mobilenetv3_small_100,192,0.2,2,40,10,32,0.001,0.0005,0,FALSE,attn,off,FALSE,FALSE,FALSE,1024,1024,0,9-10-11-12-13-14-15-16-17-18-19-20-21-22-23-24,5-6-7-8,1-2-3-4,2
25/10/2025 11:03,mobilenetv3_small_100,mamba,42,961353,3.6983,0.4958,0.4883,0.478,0.5692,0.4883,0.4863,0.585,0.4958,0,0,0,0,0,0,0,0,0,0,0,0,0,0,0,0,features=mobilenetv3_small_100,192,0.2,2,40,10,32,0.001,0.0005,0,FALSE,attn,off,FALSE,FALSE,TRUE,1024,1024,0,9-10-11-12-13-14-15-16-17-18-19-20-21-22-23-24,5-6-7-8,1-2-3-4,2
25/10/2025 11:04,mobilenetv3_small_100,mamba,42,961353,3.6983,0.5,0.4883,0.4941,0.5883,0.4883,0.5056,0.6053,0.5,0,0,0,0,0,0,0,0,0,0,0,0,0,0,0,0,features=mobilenetv3_small_100,192,0.2,2,40,10,32,0.001,0.0005,0.02,FALSE,attn,off,FALSE,FALSE,FALSE,1024,1024,0,9-10-11-12-13-14-15-16-17-18-19-20-21-22-23-24,5-6-7-8,1-2-3-4,2
25/10/2025 11:04,mobilenetv3_small_100,mamba,42,961353,3.6983,0.4875,0.4805,0.4695,0.5618,0.4805,0.4779,0.5782,0.4875,0,0,0,0,0,0,0,0,0,0,0,0,0,0,0,0,features=mobilenetv3_small_100,192,0.2,2,40,10,32,0.001,0.0005,0.02,FALSE,attn,off,FALSE,FALSE,TRUE,1024,1024,0,9-10-11-12-13-14-15-16-17-18-19-20-21-22-23-24,5-6-7-8,1-2-3-4,2
25/10/2025 11:05,mobilenetv3_small_100,mamba,42,961353,3.6983,0.5,0.4961,0.5017,0.6042,0.4961,0.5069,0.6171,0.5,0,0,0,0,0,0,0,0,0,0,0,0,0,0,0,0,features=mobilenetv3_small_100,192,0.2,2,40,10,32,0.001,0.0005,0.05,FALSE,attn,off,FALSE,FALSE,FALSE,1024,1024,0,9-10-11-12-13-14-15-16-17-18-19-20-21-22-23-24,5-6-7-8,1-2-3-4,2
25/10/2025 11:05,mobilenetv3_small_100,mamba,42,961353,3.6983,0.4875,0.4844,0.4683,0.5593,0.4844,0.4736,0.5733,0.4875,0,0,0,0,0,0,0,0,0,0,0,0,0,0,0,0,features=mobilenetv3_small_100,192,0.2,2,40,10,32,0.001,0.0005,0.05,FALSE,attn,off,FALSE,FALSE,TRUE,1024,1024,0,9-10-11-12-13-14-15-16-17-18-19-20-21-22-23-24,5-6-7-8,1-2-3-4,2
25/10/2025 11:06,mobilenetv3_small_100,mamba,42,961353,3.6983,0.55,0.5391,0.5403,0.5868,0.5391,0.5505,0.5992,0.55,0,0,0,0,0,0,0,0,0,0,0,0,0,0,0,0,features=mobilenetv3_small_100,192,0.25,2,40,10,32,0.001,0.0005,0,FALSE,attn,off,FALSE,FALSE,FALSE,1024,1024,0,9-10-11-12-13-14-15-16-17-18-19-20-21-22-23-24,5-6-7-8,1-2-3-4,2
25/10/2025 11:06,mobilenetv3_small_100,mamba,42,961353,3.6983,0.4917,0.4844,0.4769,0.5626,0.4844,0.4844,0.5766,0.4917,0,0,0,0,0,0,0,0,0,0,0,0,0,0,0,0,features=mobilenetv3_small_100,192,0.25,2,40,10,32,0.001,0.0005,0,FALSE,attn,off,FALSE,FALSE,TRUE,1024,1024,0,9-10-11-12-13-14-15-16-17-18-19-20-21-22-23-24,5-6-7-8,1-2-3-4,2
25/10/2025 11:07,mobilenetv3_small_100,mamba,42,961353,3.6983,0.5417,0.5312,0.5323,0.5785,0.5312,0.5419,0.5904,0.5417,0,0,0,0,0,0,0,0,0,0,0,0,0,0,0,0,features=mobilenetv3_small_100,192,0.25,2,40,10,32,0.001,0.0005,0.02,FALSE,attn,off,FALSE,FALSE,FALSE,1024,1024,0,9-10-11-12-13-14-15-16-17-18-19-20-21-22-23-24,5-6-7-8,1-2-3-4,2
25/10/2025 11:07,mobilenetv3_small_100,mamba,42,961353,3.6983,0.4917,0.4844,0.4769,0.5626,0.4844,0.4844,0.5766,0.4917,0,0,0,0,0,0,0,0,0,0,0,0,0,0,0,0,features=mobilenetv3_small_100,192,0.25,2,40,10,32,0.001,0.0005,0.02,FALSE,attn,off,FALSE,FALSE,TRUE,1024,1024,0,9-10-11-12-13-14-15-16-17-18-19-20-21-22-23-24,5-6-7-8,1-2-3-4,2
25/10/2025 11:07,mobilenetv3_small_100,mamba,42,961353,3.6983,0.5208,0.5117,0.5156,0.5703,0.5117,0.5242,0.5817,0.5208,0,0,0,0,0,0,0,0,0,0,0,0,0,0,0,0,features=mobilenetv3_small_100,192,0.25,2,40,10,32,0.001,0.0005,0.05,FALSE,attn,off,FALSE,FALSE,FALSE,1024,1024,0,9-10-11-12-13-14-15-16-17-18-19-20-21-22-23-24,5-6-7-8,1-2-3-4,2
25/10/2025 11:08,mobilenetv3_small_100,mamba,42,961353,3.6983,0.4917,0.4844,0.4772,0.5644,0.4844,0.4848,0.5785,0.4917,0,0,0,0,0,0,0,0,0,0,0,0,0,0,0,0,features=mobilenetv3_small_100,192,0.25,2,40,10,32,0.001,0.0005,0.05,FALSE,attn,off,FALSE,FALSE,TRUE,1024,1024,0,9-10-11-12-13-14-15-16-17-18-19-20-21-22-23-24,5-6-7-8,1-2-3-4,2
25/10/2025 11:08,mobilenetv3_small_100,mamba,42,961353,3.6983,0.4917,0.4844,0.4873,0.5681,0.4844,0.497,0.5849,0.4917,0,0,0,0,0,0,0,0,0,0,0,0,0,0,0,0,features=mobilenetv3_small_100,192,0.3,2,40,10,32,0.001,0.0005,0,FALSE,attn,off,FALSE,FALSE,FALSE,1024,1024,0,9-10-11-12-13-14-15-16-17-18-19-20-21-22-23-24,5-6-7-8,1-2-3-4,2
25/10/2025 11:09,mobilenetv3_small_100,mamba,42,961353,3.6983,0.4875,0.4844,0.467,0.5664,0.4844,0.4715,0.5796,0.4875,0,0,0,0,0,0,0,0,0,0,0,0,0,0,0,0,features=mobilenetv3_small_100,192,0.3,2,40,10,32,0.001,0.0005,0,FALSE,attn,off,FALSE,FALSE,TRUE,1024,1024,0,9-10-11-12-13-14-15-16-17-18-19-20-21-22-23-24,5-6-7-8,1-2-3-4,2
25/10/2025 11:09,mobilenetv3_small_100,mamba,42,961353,3.6983,0.5,0.4922,0.494,0.5724,0.4922,0.5034,0.5883,0.5,0,0,0,0,0,0,0,0,0,0,0,0,0,0,0,0,features=mobilenetv3_small_100,192,0.3,2,40,10,32,0.001,0.0005,0.02,FALSE,attn,off,FALSE,FALSE,FALSE,1024,1024,0,9-10-11-12-13-14-15-16-17-18-19-20-21-22-23-24,5-6-7-8,1-2-3-4,2
25/10/2025 11:10,mobilenetv3_small_100,mamba,42,961353,3.6983,0.4833,0.4805,0.4632,0.5632,0.4805,0.4674,0.5762,0.4833,0,0,0,0,0,0,0,0,0,0,0,0,0,0,0,0,features=mobilenetv3_small_100,192,0.3,2,40,10,32,0.001,0.0005,0.02,FALSE,attn,off,FALSE,FALSE,TRUE,1024,1024,0,9-10-11-12-13-14-15-16-17-18-19-20-21-22-23-24,5-6-7-8,1-2-3-4,2
25/10/2025 11:10,mobilenetv3_small_100,mamba,42,961353,3.6983,0.5042,0.4961,0.497,0.5724,0.4961,0.5066,0.5883,0.5042,0,0,0,0,0,0,0,0,0,0,0,0,0,0,0,0,features=mobilenetv3_small_100,192,0.3,2,40,10,32,0.001,0.0005,0.05,FALSE,attn,off,FALSE,FALSE,FALSE,1024,1024,0,9-10-11-12-13-14-15-16-17-18-19-20-21-22-23-24,5-6-7-8,1-2-3-4,2
25/10/2025 11:11,mobilenetv3_small_100,mamba,42,961353,3.6983,0.4792,0.4766,0.4587,0.5609,0.4766,0.4634,0.5749,0.4792,0,0,0,0,0,0,0,0,0,0,0,0,0,0,0,0,features=mobilenetv3_small_100,192,0.3,2,40,10,32,0.001,0.0005,0.05,FALSE,attn,off,FALSE,FALSE,TRUE,1024,1024,0,9-10-11-12-13-14-15-16-17-18-19-20-21-22-23-24,5-6-7-8,1-2-3-4,2
25/10/2025 11:11,mobilenetv3_small_100,mamba,42,1494793,5.7332,0.5417,0.5391,0.5381,0.5939,0.5391,0.5417,0.6022,0.5417,0,0,0,0,0,0,0,0,0,0,0,0,0,0,0,0,features=mobilenetv3_small_100,256,0.15,2,40,10,32,0.001,0.0005,0,FALSE,attn,off,FALSE,FALSE,FALSE,1024,1024,0,9-10-11-12-13-14-15-16-17-18-19-20-21-22-23-24,5-6-7-8,1-2-3-4,2
25/10/2025 11:11,mobilenetv3_small_100,mamba,42,1494793,5.7332,0.5458,0.543,0.5334,0.6077,0.543,0.5385,0.6202,0.5458,0,0,0,0,0,0,0,0,0,0,0,0,0,0,0,0,features=mobilenetv3_small_100,256,0.15,2,40,10,32,0.001,0.0005,0,FALSE,attn,off,FALSE,FALSE,TRUE,1024,1024,0,9-10-11-12-13-14-15-16-17-18-19-20-21-22-23-24,5-6-7-8,1-2-3-4,2
25/10/2025 11:12,mobilenetv3_small_100,mamba,42,1494793,5.7332,0.5333,0.5312,0.5315,0.5907,0.5312,0.5347,0.5987,0.5333,0,0,0,0,0,0,0,0,0,0,0,0,0,0,0,0,features=mobilenetv3_small_100,256,0.15,2,40,10,32,0.001,0.0005,0.02,FALSE,attn,off,FALSE,FALSE,FALSE,1024,1024,0,9-10-11-12-13-14-15-16-17-18-19-20-21-22-23-24,5-6-7-8,1-2-3-4,2
25/10/2025 11:12,mobilenetv3_small_100,mamba,42,1494793,5.7332,0.55,0.5469,0.5388,0.6138,0.5469,0.5442,0.6267,0.55,0,0,0,0,0,0,0,0,0,0,0,0,0,0,0,0,features=mobilenetv3_small_100,256,0.15,2,40,10,32,0.001,0.0005,0.02,FALSE,attn,off,FALSE,FALSE,TRUE,1024,1024,0,9-10-11-12-13-14-15-16-17-18-19-20-21-22-23-24,5-6-7-8,1-2-3-4,2
25/10/2025 11:13,mobilenetv3_small_100,mamba,42,1494793,5.7332,0.5375,0.5352,0.5363,0.6013,0.5352,0.5398,0.61,0.5375,0,0,0,0,0,0,0,0,0,0,0,0,0,0,0,0,features=mobilenetv3_small_100,256,0.15,2,40,10,32,0.001,0.0005,0.05,FALSE,attn,off,FALSE,FALSE,FALSE,1024,1024,0,9-10-11-12-13-14-15-16-17-18-19-20-21-22-23-24,5-6-7-8,1-2-3-4,2
25/10/2025 11:13,mobilenetv3_small_100,mamba,42,1494793,5.7332,0.5542,0.5508,0.5413,0.6112,0.5508,0.5485,0.6266,0.5542,0,0,0,0,0,0,0,0,0,0,0,0,0,0,0,0,features=mobilenetv3_small_100,256,0.15,2,40,10,32,0.001,0.0005,0.05,FALSE,attn,off,FALSE,FALSE,TRUE,1024,1024,0,9-10-11-12-13-14-15-16-17-18-19-20-21-22-23-24,5-6-7-8,1-2-3-4,2
25/10/2025 11:13,mobilenetv3_small_100,mamba,42,1494793,5.7332,0.5292,0.5273,0.5255,0.5879,0.5273,0.5282,0.5957,0.5292,0,0,0,0,0,0,0,0,0,0,0,0,0,0,0,0,features=mobilenetv3_small_100,256,0.2,2,40,10,32,0.001,0.0005,0,FALSE,attn,off,FALSE,FALSE,FALSE,1024,1024,0,9-10-11-12-13-14-15-16-17-18-19-20-21-22-23-24,5-6-7-8,1-2-3-4,2
25/10/2025 11:14,mobilenetv3_small_100,mamba,42,1494793,5.7332,0.4958,0.4844,0.4796,0.5472,0.4844,0.4886,0.5581,0.4958,0,0,0,0,0,0,0,0,0,0,0,0,0,0,0,0,features=mobilenetv3_small_100,256,0.2,2,40,10,32,0.001,0.0005,0,FALSE,attn,off,FALSE,FALSE,TRUE,1024,1024,0,9-10-11-12-13-14-15-16-17-18-19-20-21-22-23-24,5-6-7-8,1-2-3-4,2
25/10/2025 11:14,mobilenetv3_small_100,mamba,42,1494793,5.7332,0.5458,0.543,0.5451,0.606,0.543,0.5481,0.613,0.5458,0,0,0,0,0,0,0,0,0,0,0,0,0,0,0,0,features=mobilenetv3_small_100,256,0.2,2,40,10,32,0.001,0.0005,0.02,FALSE,attn,off,FALSE,FALSE,FALSE,1024,1024,0,9-10-11-12-13-14-15-16-17-18-19-20-21-22-23-24,5-6-7-8,1-2-3-4,2
25/10/2025 11:15,mobilenetv3_small_100,mamba,42,1494793,5.7332,0.4917,0.4844,0.4783,0.5469,0.4844,0.4844,0.5567,0.4917,0,0,0,0,0,0,0,0,0,0,0,0,0,0,0,0,features=mobilenetv3_small_100,256,0.2,2,40,10,32,0.001,0.0005,0.02,FALSE,attn,off,FALSE,FALSE,TRUE,1024,1024,0,9-10-11-12-13-14-15-16-17-18-19-20-21-22-23-24,5-6-7-8,1-2-3-4,2
25/10/2025 11:15,mobilenetv3_small_100,mamba,42,1494793,5.7332,0.5542,0.5508,0.5525,0.6077,0.5508,0.557,0.6169,0.5542,0,0,0,0,0,0,0,0,0,0,0,0,0,0,0,0,features=mobilenetv3_small_100,256,0.2,2,40,10,32,0.001,0.0005,0.05,FALSE,attn,off,FALSE,FALSE,FALSE,1024,1024,0,9-10-11-12-13-14-15-16-17-18-19-20-21-22-23-24,5-6-7-8,1-2-3-4,2
25/10/2025 11:16,mobilenetv3_small_100,mamba,42,1494793,5.7332,0.5,0.5,0.491,0.5696,0.5,0.4914,0.5762,0.5,0,0,0,0,0,0,0,0,0,0,0,0,0,0,0,0,features=mobilenetv3_small_100,256,0.2,2,40,10,32,0.001,0.0005,0.05,FALSE,attn,off,FALSE,FALSE,TRUE,1024,1024,0,9-10-11-12-13-14-15-16-17-18-19-20-21-22-23-24,5-6-7-8,1-2-3-4,2
25/10/2025 11:16,mobilenetv3_small_100,mamba,42,1933065,7.4092,0.5167,0.5078,0.5233,0.6076,0.5078,0.5324,0.6214,0.5167,0,0,0,0,0,0,0,0,0,0,0,0,0,0,0,0,features=mobilenetv3_small_100,256,0.2,3,40,10,32,0.001,0.0005,0,FALSE,attn,off,FALSE,FALSE,FALSE,1024,1024,0,9-10-11-12-13-14-15-16-17-18-19-20-21-22-23-24,5-6-7-8,1-2-3-4,2
25/10/2025 11:16,mobilenetv3_small_100,mamba,42,1933065,7.4092,0.5083,0.5078,0.5061,0.5768,0.5078,0.5102,0.5886,0.5083,0,0,0,0,0,0,0,0,0,0,0,0,0,0,0,0,features=mobilenetv3_small_100,256,0.2,3,40,10,32,0.001,0.0005,0,FALSE,attn,off,FALSE,FALSE,TRUE,1024,1024,0,9-10-11-12-13-14-15-16-17-18-19-20-21-22-23-24,5-6-7-8,1-2-3-4,2
25/10/2025 11:17,mobilenetv3_small_100,mamba,42,1933065,7.4092,0.5167,0.5078,0.525,0.6116,0.5078,0.5342,0.6257,0.5167,0,0,0,0,0,0,0,0,0,0,0,0,0,0,0,0,features=mobilenetv3_small_100,256,0.2,3,40,10,32,0.001,0.0005,0.02,FALSE,attn,off,FALSE,FALSE,FALSE,1024,1024,0,9-10-11-12-13-14-15-16-17-18-19-20-21-22-23-24,5-6-7-8,1-2-3-4,2
25/10/2025 11:17,mobilenetv3_small_100,mamba,42,1933065,7.4092,0.5083,0.5078,0.5137,0.5737,0.5078,0.5192,0.5866,0.5083,0,0,0,0,0,0,0,0,0,0,0,0,0,0,0,0,features=mobilenetv3_small_100,256,0.2,3,40,10,32,0.001,0.0005,0.02,FALSE,attn,off,FALSE,FALSE,TRUE,1024,1024,0,9-10-11-12-13-14-15-16-17-18-19-20-21-22-23-24,5-6-7-8,1-2-3-4,2
25/10/2025 11:18,mobilenetv3_small_100,mamba,42,1933065,7.4092,0.5167,0.5078,0.5259,0.6119,0.5078,0.5351,0.6261,0.5167,0,0,0,0,0,0,0,0,0,0,0,0,0,0,0,0,features=mobilenetv3_small_100,256,0.2,3,40,10,32,0.001,0.0005,0.05,FALSE,attn,off,FALSE,FALSE,FALSE,1024,1024,0,9-10-11-12-13-14-15-16-17-18-19-20-21-22-23-24,5-6-7-8,1-2-3-4,2
25/10/2025 11:18,mobilenetv3_small_100,mamba,42,1933065,7.4092,0.5125,0.5117,0.5165,0.5739,0.5117,0.5229,0.5879,0.5125,0,0,0,0,0,0,0,0,0,0,0,0,0,0,0,0,features=mobilenetv3_small_100,256,0.2,3,40,10,32,0.001,0.0005,0.05,FALSE,attn,off,FALSE,FALSE,TRUE,1024,1024,0,9-10-11-12-13-14-15-16-17-18-19-20-21-22-23-24,5-6-7-8,1-2-3-4,2
25/10/2025 11:19,mobilenetv3_small_100,mamba,42,1933065,7.4092,0.5375,0.5352,0.5364,0.6163,0.5352,0.5389,0.6241,0.5375,0,0,0,0,0,0,0,0,0,0,0,0,0,0,0,0,features=mobilenetv3_small_100,256,0.25,3,40,10,32,0.001,0.0005,0,FALSE,attn,off,FALSE,FALSE,FALSE,1024,1024,0,9-10-11-12-13-14-15-16-17-18-19-20-21-22-23-24,5-6-7-8,1-2-3-4,2
25/10/2025 11:19,mobilenetv3_small_100,mamba,42,1933065,7.4092,0.5042,0.5078,0.494,0.5856,0.5078,0.4954,0.5974,0.5042,0,0,0,0,0,0,0,0,0,0,0,0,0,0,0,0,features=mobilenetv3_small_100,256,0.25,3,40,10,32,0.001,0.0005,0,FALSE,attn,off,FALSE,FALSE,TRUE,1024,1024,0,9-10-11-12-13-14-15-16-17-18-19-20-21-22-23-24,5-6-7-8,1-2-3-4,2
25/10/2025 11:19,mobilenetv3_small_100,mamba,42,1933065,7.4092,0.5333,0.5312,0.5345,0.6149,0.5312,0.5368,0.6226,0.5333,0,0,0,0,0,0,0,0,0,0,0,0,0,0,0,0,features=mobilenetv3_small_100,256,0.25,3,40,10,32,0.001,0.0005,0.02,FALSE,attn,off,FALSE,FALSE,FALSE,1024,1024,0,9-10-11-12-13-14-15-16-17-18-19-20-21-22-23-24,5-6-7-8,1-2-3-4,2
25/10/2025 11:20,mobilenetv3_small_100,mamba,42,1933065,7.4092,0.5,0.5039,0.4918,0.5851,0.5039,0.4939,0.598,0.5,0,0,0,0,0,0,0,0,0,0,0,0,0,0,0,0,features=mobilenetv3_small_100,256,0.25,3,40,10,32,0.001,0.0005,0.02,FALSE,attn,off,FALSE,FALSE,TRUE,1024,1024,0,9-10-11-12-13-14-15-16-17-18-19-20-21-22-23-24,5-6-7-8,1-2-3-4,2
25/10/2025 11:20,mobilenetv3_small_100,mamba,42,1933065,7.4092,0.5417,0.5391,0.5438,0.6238,0.5391,0.5457,0.6299,0.5417,0,0,0,0,0,0,0,0,0,0,0,0,0,0,0,0,features=mobilenetv3_small_100,256,0.25,3,40,10,32,0.001,0.0005,0.05,FALSE,attn,off,FALSE,FALSE,FALSE,1024,1024,0,9-10-11-12-13-14-15-16-17-18-19-20-21-22-23-24,5-6-7-8,1-2-3-4,2
25/10/2025 11:21,mobilenetv3_small_100,mamba,42,1933065,7.4092,0.5,0.5039,0.4932,0.5829,0.5039,0.4953,0.5956,0.5,0,0,0,0,0,0,0,0,0,0,0,0,0,0,0,0,features=mobilenetv3_small_100,256,0.25,3,40,10,32,0.001,0.0005,0.05,FALSE,attn,off,FALSE,FALSE,TRUE,1024,1024,0,9-10-11-12-13-14-15-16-17-18-19-20-21-22-23-24,5-6-7-8,1-2-3-4,2
25/10/2025 11:21,mobilenetv3_small_100,mamba,42,1933065,7.4092,0.5333,0.5312,0.5306,0.6076,0.5312,0.5364,0.6214,0.5333,0,0,0,0,0,0,0,0,0,0,0,0,0,0,0,0,features=mobilenetv3_small_100,256,0.3,3,40,10,32,0.001,0.0005,0,FALSE,attn,off,FALSE,FALSE,FALSE,1024,1024,0,9-10-11-12-13-14-15-16-17-18-19-20-21-22-23-24,5-6-7-8,1-2-3-4,2
25/10/2025 11:22,mobilenetv3_small_100,mamba,42,1933065,7.4092,0.4833,0.4805,0.4784,0.5743,0.4805,0.4869,0.5931,0.4833,0,0,0,0,0,0,0,0,0,0,0,0,0,0,0,0,features=mobilenetv3_small_100,256,0.3,3,40,10,32,0.001,0.0005,0,FALSE,attn,off,FALSE,FALSE,TRUE,1024,1024,0,9-10-11-12-13-14-15-16-17-18-19-20-21-22-23-24,5-6-7-8,1-2-3-4,2
25/10/2025 11:22,mobilenetv3_small_100,mamba,42,1933065,7.4092,0.5208,0.5195,0.5174,0.6008,0.5195,0.5265,0.6203,0.5208,0,0,0,0,0,0,0,0,0,0,0,0,0,0,0,0,features=mobilenetv3_small_100,256,0.3,3,40,10,32,0.001,0.0005,0.02,FALSE,attn,off,FALSE,FALSE,FALSE,1024,1024,0,9-10-11-12-13-14-15-16-17-18-19-20-21-22-23-24,5-6-7-8,1-2-3-4,2
25/10/2025 11:23,mobilenetv3_small_100,mamba,42,1933065,7.4092,0.4958,0.4961,0.4926,0.5862,0.4961,0.5001,0.6048,0.4958,0,0,0,0,0,0,0,0,0,0,0,0,0,0,0,0,features=mobilenetv3_small_100,256,0.3,3,40,10,32,0.001,0.0005,0.02,FALSE,attn,off,FALSE,FALSE,TRUE,1024,1024,0,9-10-11-12-13-14-15-16-17-18-19-20-21-22-23-24,5-6-7-8,1-2-3-4,2
25/10/2025 11:23,mobilenetv3_small_100,mamba,42,1933065,7.4092,0.5125,0.5117,0.5086,0.5902,0.5117,0.5144,0.6053,0.5125,0,0,0,0,0,0,0,0,0,0,0,0,0,0,0,0,features=mobilenetv3_small_100,256,0.3,3,40,10,32,0.001,0.0005,0.05,FALSE,attn,off,FALSE,FALSE,FALSE,1024,1024,0,9-10-11-12-13-14-15-16-17-18-19-20-21-22-23-24,5-6-7-8,1-2-3-4,2
25/10/2025 11:23,mobilenetv3_small_100,mamba,42,1933065,7.4092,0.4833,0.4883,0.4818,0.5723,0.4883,0.4867,0.589,0.4833,0,0,0,0,0,0,0,0,0,0,0,0,0,0,0,0,features=mobilenetv3_small_100,256,0.3,3,40,10,32,0.001,0.0005,0.05,FALSE,attn,off,FALSE,FALSE,TRUE,1024,1024,0,9-10-11-12-13-14-15-16-17-18-19-20-21-22-23-24,5-6-7-8,1-2-3-4,2
25/10/2025 11:24,mobilenetv3_small_100,mamba,42,655241,2.5346,0.5167,0.5078,0.5184,0.6019,0.5078,0.5272,0.6153,0.5167,0,0,0,0,0,0,0,0,0,0,0,0,0,0,0,0,features=mobilenetv3_small_100,128,0.15,3,40,10,32,0.001,0.0005,0,FALSE,attn,off,FALSE,FALSE,FALSE,1024,1024,0,9-10-11-12-13-14-15-16-17-18-19-20-21-22-23-24,5-6-7-8,1-2-3-4,2
25/10/2025 11:24,mobilenetv3_small_100,mamba,42,655241,2.5346,0.4708,0.457,0.4725,0.5547,0.457,0.4827,0.562,0.4708,0,0,0,0,0,0,0,0,0,0,0,0,0,0,0,0,features=mobilenetv3_small_100,128,0.15,3,40,10,32,0.001,0.0005,0,FALSE,attn,off,FALSE,FALSE,TRUE,1024,1024,0,9-10-11-12-13-14-15-16-17-18-19-20-21-22-23-24,5-6-7-8,1-2-3-4,2
25/10/2025 11:25,mobilenetv3_small_100,mamba,42,655241,2.5346,0.5167,0.5078,0.5163,0.6083,0.5078,0.525,0.6221,0.5167,0,0,0,0,0,0,0,0,0,0,0,0,0,0,0,0,features=mobilenetv3_small_100,128,0.15,3,40,10,32,0.001,0.0005,0.02,FALSE,attn,off,FALSE,FALSE,FALSE,1024,1024,0,9-10-11-12-13-14-15-16-17-18-19-20-21-22-23-24,5-6-7-8,1-2-3-4,2
25/10/2025 11:25,mobilenetv3_small_100,mamba,42,655241,2.5346,0.4625,0.4609,0.4695,0.5993,0.4609,0.4716,0.6101,0.4625,0,0,0,0,0,0,0,0,0,0,0,0,0,0,0,0,features=mobilenetv3_small_100,128,0.15,3,40,10,32,0.001,0.0005,0.02,FALSE,attn,off,FALSE,FALSE,TRUE,1024,1024,0,9-10-11-12-13-14-15-16-17-18-19-20-21-22-23-24,5-6-7-8,1-2-3-4,2
25/10/2025 11:26,mobilenetv3_small_100,mamba,42,655241,2.5346,0.5208,0.5117,0.5162,0.5985,0.5117,0.5256,0.6134,0.5208,0,0,0,0,0,0,0,0,0,0,0,0,0,0,0,0,features=mobilenetv3_small_100,128,0.15,3,40,10,32,0.001,0.0005,0.05,FALSE,attn,off,FALSE,FALSE,FALSE,1024,1024,0,9-10-11-12-13-14-15-16-17-18-19-20-21-22-23-24,5-6-7-8,1-2-3-4,2
25/10/2025 11:26,mobilenetv3_small_100,mamba,42,655241,2.5346,0.4708,0.457,0.4724,0.5572,0.457,0.4816,0.5611,0.4708,0,0,0,0,0,0,0,0,0,0,0,0,0,0,0,0,features=mobilenetv3_small_100,128,0.15,3,40,10,32,0.001,0.0005,0.05,FALSE,attn,off,FALSE,FALSE,TRUE,1024,1024,0,9-10-11-12-13-14-15-16-17-18-19-20-21-22-23-24,5-6-7-8,1-2-3-4,2
25/10/2025 11:27,mobilenetv3_small_100,mamba,42,655241,2.5346,0.5042,0.4961,0.5178,0.6155,0.4961,0.5238,0.6232,0.5042,0,0,0,0,0,0,0,0,0,0,0,0,0,0,0,0,features=mobilenetv3_small_100,128,0.2,3,40,10,32,0.001,0.0005,0,FALSE,attn,off,FALSE,FALSE,FALSE,1024,1024,0,9-10-11-12-13-14-15-16-17-18-19-20-21-22-23-24,5-6-7-8,1-2-3-4,2
25/10/2025 11:27,mobilenetv3_small_100,mamba,42,655241,2.5346,0.4917,0.4805,0.4802,0.546,0.4805,0.49,0.5586,0.4917,0,0,0,0,0,0,0,0,0,0,0,0,0,0,0,0,features=mobilenetv3_small_100,128,0.2,3,40,10,32,0.001,0.0005,0,FALSE,attn,off,FALSE,FALSE,TRUE,1024,1024,0,9-10-11-12-13-14-15-16-17-18-19-20-21-22-23-24,5-6-7-8,1-2-3-4,2
25/10/2025 11:27,mobilenetv3_small_100,mamba,42,655241,2.5346,0.4792,0.4688,0.4912,0.5984,0.4688,0.5002,0.6105,0.4792,0,0,0,0,0,0,0,0,0,0,0,0,0,0,0,0,features=mobilenetv3_small_100,128,0.2,3,40,10,32,0.001,0.0005,0.02,FALSE,attn,off,FALSE,FALSE,FALSE,1024,1024,0,9-10-11-12-13-14-15-16-17-18-19-20-21-22-23-24,5-6-7-8,1-2-3-4,2
25/10/2025 11:28,mobilenetv3_small_100,mamba,42,655241,2.5346,0.4958,0.4844,0.4836,0.548,0.4844,0.4936,0.5607,0.4958,0,0,0,0,0,0,0,0,0,0,0,0,0,0,0,0,features=mobilenetv3_small_100,128,0.2,3,40,10,32,0.001,0.0005,0.02,FALSE,attn,off,FALSE,FALSE,TRUE,1024,1024,0,9-10-11-12-13-14-15-16-17-18-19-20-21-22-23-24,5-6-7-8,1-2-3-4,2
25/10/2025 11:28,mobilenetv3_small_100,mamba,42,655241,2.5346,0.475,0.4648,0.4868,0.5893,0.4648,0.4955,0.6008,0.475,0,0,0,0,0,0,0,0,0,0,0,0,0,0,0,0,features=mobilenetv3_small_100,128,0.2,3,40,10,32,0.001,0.0005,0.05,FALSE,attn,off,FALSE,FALSE,FALSE,1024,1024,0,9-10-11-12-13-14-15-16-17-18-19-20-21-22-23-24,5-6-7-8,1-2-3-4,2
25/10/2025 11:29,mobilenetv3_small_100,mamba,42,655241,2.5346,0.4958,0.4844,0.4842,0.5455,0.4844,0.4943,0.5581,0.4958,0,0,0,0,0,0,0,0,0,0,0,0,0,0,0,0,features=mobilenetv3_small_100,128,0.2,3,40,10,32,0.001,0.0005,0.05,FALSE,attn,off,FALSE,FALSE,TRUE,1024,1024,0,9-10-11-12-13-14-15-16-17-18-19-20-21-22-23-24,5-6-7-8,1-2-3-4,2
25/10/2025 11:29,mobilenetv3_small_100,mamba,42,961353,3.6983,0.5083,0.4961,0.5014,0.5795,0.4961,0.5119,0.5925,0.5083,0,0,0,0,0,0,0,0,0,0,0,0,0,0,0,0,features=mobilenetv3_small_100,192,0.15,2,40,10,32,0.001,0.0005,0,FALSE,attn,off,FALSE,FALSE,FALSE,1024,1024,0,9-10-11-12-13-14-15-16-17-18-19-20-21-22-23-24,5-6-7-8,1-2-3-4,2
25/10/2025 11:30,mobilenetv3_small_100,mamba,42,961353,3.6983,0.4625,0.4609,0.4588,0.5789,0.4609,0.4611,0.59,0.4625,0,0,0,0,0,0,0,0,0,0,0,0,0,0,0,0,features=mobilenetv3_small_100,192,0.15,2,40,10,32,0.001,0.0005,0,FALSE,attn,off,FALSE,FALSE,TRUE,1024,1024,0,9-10-11-12-13-14-15-16-17-18-19-20-21-22-23-24,5-6-7-8,1-2-3-4,2
25/10/2025 11:30,mobilenetv3_small_100,mamba,42,961353,3.6983,0.5125,0.5,0.5071,0.5868,0.5,0.5171,0.5982,0.5125,0,0,0,0,0,0,0,0,0,0,0,0,0,0,0,0,features=mobilenetv3_small_100,192,0.15,2,40,10,32,0.001,0.0005,0.02,FALSE,attn,off,FALSE,FALSE,FALSE,1024,1024,0,9-10-11-12-13-14-15-16-17-18-19-20-21-22-23-24,5-6-7-8,1-2-3-4,2
25/10/2025 11:30,mobilenetv3_small_100,mamba,42,961353,3.6983,0.4625,0.4609,0.4568,0.5814,0.4609,0.4598,0.5942,0.4625,0,0,0,0,0,0,0,0,0,0,0,0,0,0,0,0,features=mobilenetv3_small_100,192,0.15,2,40,10,32,0.001,0.0005,0.02,FALSE,attn,off,FALSE,FALSE,TRUE,1024,1024,0,9-10-11-12-13-14-15-16-17-18-19-20-21-22-23-24,5-6-7-8,1-2-3-4,2
25/10/2025 11:31,mobilenetv3_small_100,mamba,42,961353,3.6983,0.5083,0.4961,0.5037,0.5799,0.4961,0.5135,0.5908,0.5083,0,0,0,0,0,0,0,0,0,0,0,0,0,0,0,0,features=mobilenetv3_small_100,192,0.15,2,40,10,32,0.001,0.0005,0.05,FALSE,attn,off,FALSE,FALSE,FALSE,1024,1024,0,9-10-11-12-13-14-15-16-17-18-19-20-21-22-23-24,5-6-7-8,1-2-3-4,2
25/10/2025 11:31,mobilenetv3_small_100,mamba,42,961353,3.6983,0.4542,0.4531,0.4511,0.5823,0.4531,0.4537,0.5952,0.4542,0,0,0,0,0,0,0,0,0,0,0,0,0,0,0,0,features=mobilenetv3_small_100,192,0.15,2,40,10,32,0.001,0.0005,0.05,FALSE,attn,off,FALSE,FALSE,TRUE,1024,1024,0,9-10-11-12-13-14-15-16-17-18-19-20-21-22-23-24,5-6-7-8,1-2-3-4,2
25/10/2025 11:32,mobilenetv3_small_100,mamba,42,961353,3.6983,0.4875,0.4766,0.4826,0.5814,0.4766,0.4933,0.598,0.4875,0,0,0,0,0,0,0,0,0,0,0,0,0,0,0,0,features=mobilenetv3_small_100,192,0.2,2,40,10,32,0.001,0.0005,0,FALSE,attn,off,FALSE,FALSE,FALSE,1024,1024,0,9-10-11-12-13-14-15-16-17-18-19-20-21-22-23-24,5-6-7-8,1-2-3-4,2
25/10/2025 11:32,mobilenetv3_small_100,mamba,42,961353,3.6983,0.4958,0.4883,0.478,0.5692,0.4883,0.4863,0.585,0.4958,0,0,0,0,0,0,0,0,0,0,0,0,0,0,0,0,features=mobilenetv3_small_100,192,0.2,2,40,10,32,0.001,0.0005,0,FALSE,attn,off,FALSE,FALSE,TRUE,1024,1024,0,9-10-11-12-13-14-15-16-17-18-19-20-21-22-23-24,5-6-7-8,1-2-3-4,2
25/10/2025 11:33,mobilenetv3_small_100,mamba,42,961353,3.6983,0.5,0.4883,0.4941,0.5883,0.4883,0.5056,0.6053,0.5,0,0,0,0,0,0,0,0,0,0,0,0,0,0,0,0,features=mobilenetv3_small_100,192,0.2,2,40,10,32,0.001,0.0005,0.02,FALSE,attn,off,FALSE,FALSE,FALSE,1024,1024,0,9-10-11-12-13-14-15-16-17-18-19-20-21-22-23-24,5-6-7-8,1-2-3-4,2
25/10/2025 11:33,mobilenetv3_small_100,mamba,42,961353,3.6983,0.4875,0.4805,0.4695,0.5618,0.4805,0.4779,0.5782,0.4875,0,0,0,0,0,0,0,0,0,0,0,0,0,0,0,0,features=mobilenetv3_small_100,192,0.2,2,40,10,32,0.001,0.0005,0.02,FALSE,attn,off,FALSE,FALSE,TRUE,1024,1024,0,9-10-11-12-13-14-15-16-17-18-19-20-21-22-23-24,5-6-7-8,1-2-3-4,2
25/10/2025 11:33,mobilenetv3_small_100,mamba,42,961353,3.6983,0.5,0.4961,0.5017,0.6042,0.4961,0.5069,0.6171,0.5,0,0,0,0,0,0,0,0,0,0,0,0,0,0,0,0,features=mobilenetv3_small_100,192,0.2,2,40,10,32,0.001,0.0005,0.05,FALSE,attn,off,FALSE,FALSE,FALSE,1024,1024,0,9-10-11-12-13-14-15-16-17-18-19-20-21-22-23-24,5-6-7-8,1-2-3-4,2
25/10/2025 11:34,mobilenetv3_small_100,mamba,42,961353,3.6983,0.4875,0.4844,0.4683,0.5593,0.4844,0.4736,0.5733,0.4875,0,0,0,0,0,0,0,0,0,0,0,0,0,0,0,0,features=mobilenetv3_small_100,192,0.2,2,40,10,32,0.001,0.0005,0.05,FALSE,attn,off,FALSE,FALSE,TRUE,1024,1024,0,9-10-11-12-13-14-15-16-17-18-19-20-21-22-23-24,5-6-7-8,1-2-3-4,2
25/10/2025 11:34,mobilenetv3_small_100,mamba,42,655241,2.5347,0.5042,0.4883,0.4913,0.5577,0.4883,0.5043,0.5707,0.5042,0,0,0,0,0,0,0,0,0,0,0,0,0,0,0,0,features=mobilenetv3_small_100,128,0.15,3,40,10,32,0.001,0.0005,0,FALSE,topk,off,FALSE,FALSE,FALSE,1024,1024,0,9-10-11-12-13-14-15-16-17-18-19-20-21-22-23-24,5-6-7-8,1-2-3-4,2
25/10/2025 11:35,mobilenetv3_small_100,mamba,42,655241,2.5347,0.55,0.5586,0.5495,0.6054,0.5586,0.555,0.6221,0.55,0,0,0,0,0,0,0,0,0,0,0,0,0,0,0,0,features=mobilenetv3_small_100,128,0.15,3,40,10,32,0.001,0.0005,0,FALSE,topk,off,FALSE,FALSE,TRUE,1024,1024,0,9-10-11-12-13-14-15-16-17-18-19-20-21-22-23-24,5-6-7-8,1-2-3-4,2
25/10/2025 11:35,mobilenetv3_small_100,mamba,42,655241,2.5347,0.5042,0.4883,0.4892,0.5394,0.4883,0.5013,0.5487,0.5042,0,0,0,0,0,0,0,0,0,0,0,0,0,0,0,0,features=mobilenetv3_small_100,128,0.15,3,40,10,32,0.001,0.0005,0.02,FALSE,topk,off,FALSE,FALSE,FALSE,1024,1024,0,9-10-11-12-13-14-15-16-17-18-19-20-21-22-23-24,5-6-7-8,1-2-3-4,2
25/10/2025 11:36,mobilenetv3_small_100,mamba,42,655241,2.5347,0.5375,0.5469,0.5372,0.6074,0.5469,0.5425,0.6249,0.5375,0,0,0,0,0,0,0,0,0,0,0,0,0,0,0,0,features=mobilenetv3_small_100,128,0.15,3,40,10,32,0.001,0.0005,0.02,FALSE,topk,off,FALSE,FALSE,TRUE,1024,1024,0,9-10-11-12-13-14-15-16-17-18-19-20-21-22-23-24,5-6-7-8,1-2-3-4,2
25/10/2025 11:36,mobilenetv3_small_100,mamba,42,655241,2.5347,0.5083,0.5,0.5057,0.5729,0.5,0.5119,0.5804,0.5083,0,0,0,0,0,0,0,0,0,0,0,0,0,0,0,0,features=mobilenetv3_small_100,128,0.15,3,40,10,32,0.001,0.0005,0.05,FALSE,topk,off,FALSE,FALSE,FALSE,1024,1024,0,9-10-11-12-13-14-15-16-17-18-19-20-21-22-23-24,5-6-7-8,1-2-3-4,2
25/10/2025 11:37,mobilenetv3_small_100,mamba,42,655241,2.5347,0.5375,0.543,0.5397,0.5959,0.543,0.5454,0.6118,0.5375,0,0,0,0,0,0,0,0,0,0,0,0,0,0,0,0,features=mobilenetv3_small_100,128,0.15,3,40,10,32,0.001,0.0005,0.05,FALSE,topk,off,FALSE,FALSE,TRUE,1024,1024,0,9-10-11-12-13-14-15-16-17-18-19-20-21-22-23-24,5-6-7-8,1-2-3-4,2
25/10/2025 11:37,mobilenetv3_small_100,mamba,42,655241,2.5347,0.525,0.5195,0.5289,0.5699,0.5195,0.533,0.5745,0.525,0,0,0,0,0,0,0,0,0,0,0,0,0,0,0,0,features=mobilenetv3_small_100,128,0.2,3,40,10,32,0.001,0.0005,0,FALSE,topk,off,FALSE,FALSE,FALSE,1024,1024,0,9-10-11-12-13-14-15-16-17-18-19-20-21-22-23-24,5-6-7-8,1-2-3-4,2
25/10/2025 11:37,mobilenetv3_small_100,mamba,42,655241,2.5347,0.5042,0.5117,0.4993,0.5772,0.5117,0.5036,0.5935,0.5042,0,0,0,0,0,0,0,0,0,0,0,0,0,0,0,0,features=mobilenetv3_small_100,128,0.2,3,40,10,32,0.001,0.0005,0,FALSE,topk,off,FALSE,FALSE,TRUE,1024,1024,0,9-10-11-12-13-14-15-16-17-18-19-20-21-22-23-24,5-6-7-8,1-2-3-4,2
25/10/2025 11:38,mobilenetv3_small_100,mamba,42,655241,2.5347,0.5125,0.5078,0.5321,0.6019,0.5078,0.5342,0.6031,0.5125,0,0,0,0,0,0,0,0,0,0,0,0,0,0,0,0,features=mobilenetv3_small_100,128,0.2,3,40,10,32,0.001,0.0005,0.02,FALSE,topk,off,FALSE,FALSE,FALSE,1024,1024,0,9-10-11-12-13-14-15-16-17-18-19-20-21-22-23-24,5-6-7-8,1-2-3-4,2
25/10/2025 11:38,mobilenetv3_small_100,mamba,42,655241,2.5347,0.5,0.5078,0.4958,0.5654,0.5078,0.5005,0.5816,0.5,0,0,0,0,0,0,0,0,0,0,0,0,0,0,0,0,features=mobilenetv3_small_100,128,0.2,3,40,10,32,0.001,0.0005,0.02,FALSE,topk,off,FALSE,FALSE,TRUE,1024,1024,0,9-10-11-12-13-14-15-16-17-18-19-20-21-22-23-24,5-6-7-8,1-2-3-4,2
25/10/2025 11:39,mobilenetv3_small_100,mamba,42,655241,2.5347,0.5083,0.5039,0.5203,0.5833,0.5039,0.5276,0.5963,0.5083,0,0,0,0,0,0,0,0,0,0,0,0,0,0,0,0,features=mobilenetv3_small_100,128,0.2,3,40,10,32,0.001,0.0005,0.05,FALSE,topk,off,FALSE,FALSE,FALSE,1024,1024,0,9-10-11-12-13-14-15-16-17-18-19-20-21-22-23-24,5-6-7-8,1-2-3-4,2
25/10/2025 11:39,mobilenetv3_small_100,mamba,42,655241,2.5347,0.5208,0.5273,0.517,0.5729,0.5273,0.5225,0.5888,0.5208,0,0,0,0,0,0,0,0,0,0,0,0,0,0,0,0,features=mobilenetv3_small_100,128,0.2,3,40,10,32,0.001,0.0005,0.05,FALSE,topk,off,FALSE,FALSE,TRUE,1024,1024,0,9-10-11-12-13-14-15-16-17-18-19-20-21-22-23-24,5-6-7-8,1-2-3-4,2
25/10/2025 11:40,mobilenetv3_small_100,mamba,42,655241,2.5347,0.525,0.5195,0.5289,0.5699,0.5195,0.533,0.5745,0.525,0,0,0,0,0,0,0,0,0,0,0,0,0,0,0,0,features=mobilenetv3_small_100,128,0.2,3,40,10,32,0.001,0.0005,0,FALSE,topk,off,FALSE,FALSE,FALSE,1024,1024,0,9-10-11-12-13-14-15-16-17-18-19-20-21-22-23-24,5-6-7-8,1-2-3-4,2
25/10/2025 11:40,mobilenetv3_small_100,mamba,42,655241,2.5347,0.5042,0.5117,0.4988,0.5785,0.5117,0.5037,0.5955,0.5042,0,0,0,0,0,0,0,0,0,0,0,0,0,0,0,0,features=mobilenetv3_small_100,128,0.2,3,40,10,32,0.001,0.0005,0,FALSE,topk,off,FALSE,FALSE,TRUE,1024,1024,0,9-10-11-12-13-14-15-16-17-18-19-20-21-22-23-24,5-6-7-8,1-2-3-4,2
25/10/2025 11:41,mobilenetv3_small_100,mamba,42,655241,2.5347,0.5125,0.5078,0.5327,0.6014,0.5078,0.5348,0.6026,0.5125,0,0,0,0,0,0,0,0,0,0,0,0,0,0,0,0,features=mobilenetv3_small_100,128,0.2,3,40,10,32,0.001,0.0005,0.02,FALSE,topk,off,FALSE,FALSE,FALSE,1024,1024,0,9-10-11-12-13-14-15-16-17-18-19-20-21-22-23-24,5-6-7-8,1-2-3-4,2
25/10/2025 11:41,mobilenetv3_small_100,mamba,42,655241,2.5347,0.5,0.5078,0.497,0.5582,0.5078,0.5018,0.5739,0.5,0,0,0,0,0,0,0,0,0,0,0,0,0,0,0,0,features=mobilenetv3_small_100,128,0.2,3,40,10,32,0.001,0.0005,0.02,FALSE,topk,off,FALSE,FALSE,TRUE,1024,1024,0,9-10-11-12-13-14-15-16-17-18-19-20-21-22-23-24,5-6-7-8,1-2-3-4,2
25/10/2025 11:41,mobilenetv3_small_100,mamba,42,655241,2.5347,0.5042,0.5,0.5184,0.5847,0.5,0.5255,0.5978,0.5042,0,0,0,0,0,0,0,0,0,0,0,0,0,0,0,0,features=mobilenetv3_small_100,128,0.2,3,40,10,32,0.001,0.0005,0.05,FALSE,topk,off,FALSE,FALSE,FALSE,1024,1024,0,9-10-11-12-13-14-15-16-17-18-19-20-21-22-23-24,5-6-7-8,1-2-3-4,2
25/10/2025 11:42,mobilenetv3_small_100,mamba,42,655241,2.5347,0.5208,0.5273,0.517,0.5729,0.5273,0.5225,0.5888,0.5208,0,0,0,0,0,0,0,0,0,0,0,0,0,0,0,0,features=mobilenetv3_small_100,128,0.2,3,40,10,32,0.001,0.0005,0.05,FALSE,topk,off,FALSE,FALSE,TRUE,1024,1024,0,9-10-11-12-13-14-15-16-17-18-19-20-21-22-23-24,5-6-7-8,1-2-3-4,2
25/10/2025 11:42,mobilenetv3_small_100,mamba,42,655241,2.5347,0.5208,0.5117,0.5159,0.5421,0.5117,0.5261,0.5548,0.5208,0,0,0,0,0,0,0,0,0,0,0,0,0,0,0,0,features=mobilenetv3_small_100,128,0.25,3,40,10,32,0.001,0.0005,0,FALSE,topk,off,FALSE,FALSE,FALSE,1024,1024,0,9-10-11-12-13-14-15-16-17-18-19-20-21-22-23-24,5-6-7-8,1-2-3-4,2
25/10/2025 11:43,mobilenetv3_small_100,mamba,42,655241,2.5347,0.4583,0.4688,0.4535,0.5583,0.4688,0.4554,0.5741,0.4583,0,0,0,0,0,0,0,0,0,0,0,0,0,0,0,0,features=mobilenetv3_small_100,128,0.25,3,40,10,32,0.001,0.0005,0,FALSE,topk,off,FALSE,FALSE,TRUE,1024,1024,0,9-10-11-12-13-14-15-16-17-18-19-20-21-22-23-24,5-6-7-8,1-2-3-4,2
25/10/2025 11:43,mobilenetv3_small_100,mamba,42,655241,2.5347,0.5,0.4922,0.496,0.5333,0.4922,0.5069,0.5489,0.5,0,0,0,0,0,0,0,0,0,0,0,0,0,0,0,0,features=mobilenetv3_small_100,128,0.25,3,40,10,32,0.001,0.0005,0.02,FALSE,topk,off,FALSE,FALSE,FALSE,1024,1024,0,9-10-11-12-13-14-15-16-17-18-19-20-21-22-23-24,5-6-7-8,1-2-3-4,2
25/10/2025 11:44,mobilenetv3_small_100,mamba,42,655241,2.5347,0.4542,0.4648,0.4525,0.562,0.4648,0.453,0.5764,0.4542,0,0,0,0,0,0,0,0,0,0,0,0,0,0,0,0,features=mobilenetv3_small_100,128,0.25,3,40,10,32,0.001,0.0005,0.02,FALSE,topk,off,FALSE,FALSE,TRUE,1024,1024,0,9-10-11-12-13-14-15-16-17-18-19-20-21-22-23-24,5-6-7-8,1-2-3-4,2
25/10/2025 11:44,mobilenetv3_small_100,mamba,42,655241,2.5347,0.5167,0.5117,0.5145,0.5457,0.5117,0.5235,0.5598,0.5167,0,0,0,0,0,0,0,0,0,0,0,0,0,0,0,0,features=mobilenetv3_small_100,128,0.25,3,40,10,32,0.001,0.0005,0.05,FALSE,topk,off,FALSE,FALSE,FALSE,1024,1024,0,9-10-11-12-13-14-15-16-17-18-19-20-21-22-23-24,5-6-7-8,1-2-3-4,2
25/10/2025 11:45,mobilenetv3_small_100,mamba,42,655241,2.5347,0.4792,0.4883,0.4825,0.5506,0.4883,0.4856,0.5651,0.4792,0,0,0,0,0,0,0,0,0,0,0,0,0,0,0,0,features=mobilenetv3_small_100,128,0.25,3,40,10,32,0.001,0.0005,0.05,FALSE,topk,off,FALSE,FALSE,TRUE,1024,1024,0,9-10-11-12-13-14-15-16-17-18-19-20-21-22-23-24,5-6-7-8,1-2-3-4,2
25/10/2025 11:45,mobilenetv3_small_100,mamba,42,655241,2.5347,0.45,0.4414,0.4543,0.5311,0.4414,0.4616,0.5409,0.45,0,0,0,0,0,0,0,0,0,0,0,0,0,0,0,0,features=mobilenetv3_small_100,128,0.3,3,40,10,32,0.001,0.0005,0,FALSE,topk,off,FALSE,FALSE,FALSE,1024,1024,0,9-10-11-12-13-14-15-16-17-18-19-20-21-22-23-24,5-6-7-8,1-2-3-4,2
25/10/2025 11:45,mobilenetv3_small_100,mamba,42,655241,2.5347,0.4417,0.4492,0.4202,0.4921,0.4492,0.4197,0.5018,0.4417,0,0,0,0,0,0,0,0,0,0,0,0,0,0,0,0,features=mobilenetv3_small_100,128,0.3,3,40,10,32,0.001,0.0005,0,FALSE,topk,off,FALSE,FALSE,TRUE,1024,1024,0,9-10-11-12-13-14-15-16-17-18-19-20-21-22-23-24,5-6-7-8,1-2-3-4,2
25/10/2025 11:46,mobilenetv3_small_100,mamba,42,655241,2.5347,0.4667,0.457,0.4709,0.5425,0.457,0.4793,0.553,0.4667,0,0,0,0,0,0,0,0,0,0,0,0,0,0,0,0,features=mobilenetv3_small_100,128,0.3,3,40,10,32,0.001,0.0005,0.02,FALSE,topk,off,FALSE,FALSE,FALSE,1024,1024,0,9-10-11-12-13-14-15-16-17-18-19-20-21-22-23-24,5-6-7-8,1-2-3-4,2
25/10/2025 11:46,mobilenetv3_small_100,mamba,42,655241,2.5347,0.4417,0.4531,0.4196,0.4895,0.4531,0.4166,0.4975,0.4417,0,0,0,0,0,0,0,0,0,0,0,0,0,0,0,0,features=mobilenetv3_small_100,128,0.3,3,40,10,32,0.001,0.0005,0.02,FALSE,topk,off,FALSE,FALSE,TRUE,1024,1024,0,9-10-11-12-13-14-15-16-17-18-19-20-21-22-23-24,5-6-7-8,1-2-3-4,2
25/10/2025 11:47,mobilenetv3_small_100,mamba,42,655241,2.5347,0.4958,0.4844,0.5003,0.5681,0.4844,0.5107,0.5804,0.4958,0,0,0,0,0,0,0,0,0,0,0,0,0,0,0,0,features=mobilenetv3_small_100,128,0.3,3,40,10,32,0.001,0.0005,0.05,FALSE,topk,off,FALSE,FALSE,FALSE,1024,1024,0,9-10-11-12-13-14-15-16-17-18-19-20-21-22-23-24,5-6-7-8,1-2-3-4,2
25/10/2025 11:47,mobilenetv3_small_100,mamba,42,655241,2.5347,0.45,0.4609,0.4308,0.5015,0.4609,0.4285,0.5102,0.45,0,0,0,0,0,0,0,0,0,0,0,0,0,0,0,0,features=mobilenetv3_small_100,128,0.3,3,40,10,32,0.001,0.0005,0.05,FALSE,topk,off,FALSE,FALSE,TRUE,1024,1024,0,9-10-11-12-13-14-15-16-17-18-19-20-21-22-23-24,5-6-7-8,1-2-3-4,2
25/10/2025 11:47,mobilenetv3_small_100,mamba,42,538505,2.0852,0.5,0.4961,0.4908,0.5942,0.4961,0.4952,0.6064,0.5,0,0,0,0,0,0,0,0,0,0,0,0,0,0,0,0,features=mobilenetv3_small_100,128,0.15,2,40,10,32,0.001,0.0005,0,FALSE,attn,off,FALSE,FALSE,FALSE,1024,1024,0,9-10-11-12-13-14-15-16-17-18-19-20-21-22-23-24,5-6-7-8,1-2-3-4,2
25/10/2025 11:48,mobilenetv3_small_100,mamba,42,538505,2.0852,0.4667,0.4688,0.4599,0.572,0.4688,0.4632,0.587,0.4667,0,0,0,0,0,0,0,0,0,0,0,0,0,0,0,0,features=mobilenetv3_small_100,128,0.15,2,40,10,32,0.001,0.0005,0,FALSE,attn,off,FALSE,FALSE,TRUE,1024,1024,0,9-10-11-12-13-14-15-16-17-18-19-20-21-22-23-24,5-6-7-8,1-2-3-4,2
25/10/2025 11:48,mobilenetv3_small_100,mamba,42,538505,2.0852,0.4958,0.4922,0.4848,0.5866,0.4922,0.4889,0.5983,0.4958,0,0,0,0,0,0,0,0,0,0,0,0,0,0,0,0,features=mobilenetv3_small_100,128,0.15,2,40,10,32,0.001,0.0005,0.02,FALSE,attn,off,FALSE,FALSE,FALSE,1024,1024,0,9-10-11-12-13-14-15-16-17-18-19-20-21-22-23-24,5-6-7-8,1-2-3-4,2
25/10/2025 11:49,mobilenetv3_small_100,mamba,42,538505,2.0852,0.4625,0.4648,0.4567,0.5808,0.4648,0.4604,0.5973,0.4625,0,0,0,0,0,0,0,0,0,0,0,0,0,0,0,0,features=mobilenetv3_small_100,128,0.15,2,40,10,32,0.001,0.0005,0.02,FALSE,attn,off,FALSE,FALSE,TRUE,1024,1024,0,9-10-11-12-13-14-15-16-17-18-19-20-21-22-23-24,5-6-7-8,1-2-3-4,2
25/10/2025 11:49,mobilenetv3_small_100,mamba,42,538505,2.0852,0.5,0.4961,0.4861,0.5724,0.4961,0.4903,0.5831,0.5,0,0,0,0,0,0,0,0,0,0,0,0,0,0,0,0,features=mobilenetv3_small_100,128,0.15,2,40,10,32,0.001,0.0005,0.05,FALSE,attn,off,FALSE,FALSE,FALSE,1024,1024,0,9-10-11-12-13-14-15-16-17-18-19-20-21-22-23-24,5-6-7-8,1-2-3-4,2
25/10/2025 11:50,mobilenetv3_small_100,mamba,42,538505,2.0852,0.4625,0.4648,0.4574,0.5753,0.4648,0.4612,0.5915,0.4625,0,0,0,0,0,0,0,0,0,0,0,0,0,0,0,0,features=mobilenetv3_small_100,128,0.15,2,40,10,32,0.001,0.0005,0.05,FALSE,attn,off,FALSE,FALSE,TRUE,1024,1024,0,9-10-11-12-13-14-15-16-17-18-19-20-21-22-23-24,5-6-7-8,1-2-3-4,2
25/10/2025 11:50,mobilenetv3_small_100,mamba,42,538505,2.0852,0.4667,0.4648,0.4598,0.5692,0.4648,0.4621,0.5797,0.4667,0,0,0,0,0,0,0,0,0,0,0,0,0,0,0,0,features=mobilenetv3_small_100,128,0.2,2,40,10,32,0.001,0.0005,0,FALSE,attn,off,FALSE,FALSE,FALSE,1024,1024,0,9-10-11-12-13-14-15-16-17-18-19-20-21-22-23-24,5-6-7-8,1-2-3-4,2
25/10/2025 11:50,mobilenetv3_small_100,mamba,42,538505,2.0852,0.4542,0.457,0.4383,0.5471,0.457,0.4408,0.5614,0.4542,0,0,0,0,0,0,0,0,0,0,0,0,0,0,0,0,features=mobilenetv3_small_100,128,0.2,2,40,10,32,0.001,0.0005,0,FALSE,attn,off,FALSE,FALSE,TRUE,1024,1024,0,9-10-11-12-13-14-15-16-17-18-19-20-21-22-23-24,5-6-7-8,1-2-3-4,2
25/10/2025 11:51,mobilenetv3_small_100,mamba,42,538505,2.0852,0.4792,0.4766,0.4723,0.5749,0.4766,0.4755,0.5858,0.4792,0,0,0,0,0,0,0,0,0,0,0,0,0,0,0,0,features=mobilenetv3_small_100,128,0.2,2,40,10,32,0.001,0.0005,0.02,FALSE,attn,off,FALSE,FALSE,FALSE,1024,1024,0,9-10-11-12-13-14-15-16-17-18-19-20-21-22-23-24,5-6-7-8,1-2-3-4,2
25/10/2025 11:51,mobilenetv3_small_100,mamba,42,538505,2.0852,0.4625,0.4648,0.441,0.5741,0.4648,0.4437,0.5902,0.4625,0,0,0,0,0,0,0,0,0,0,0,0,0,0,0,0,features=mobilenetv3_small_100,128,0.2,2,40,10,32,0.001,0.0005,0.02,FALSE,attn,off,FALSE,FALSE,TRUE,1024,1024,0,9-10-11-12-13-14-15-16-17-18-19-20-21-22-23-24,5-6-7-8,1-2-3-4,2
25/10/2025 11:52,mobilenetv3_small_100,mamba,42,538505,2.0852,0.4792,0.4766,0.4724,0.5768,0.4766,0.4756,0.5878,0.4792,0,0,0,0,0,0,0,0,0,0,0,0,0,0,0,0,features=mobilenetv3_small_100,128,0.2,2,40,10,32,0.001,0.0005,0.05,FALSE,attn,off,FALSE,FALSE,FALSE,1024,1024,0,9-10-11-12-13-14-15-16-17-18-19-20-21-22-23-24,5-6-7-8,1-2-3-4,2
25/10/2025 11:52,mobilenetv3_small_100,mamba,42,538505,2.0852,0.4625,0.4648,0.4403,0.5779,0.4648,0.4443,0.5959,0.4625,0,0,0,0,0,0,0,0,0,0,0,0,0,0,0,0,features=mobilenetv3_small_100,128,0.2,2,40,10,32,0.001,0.0005,0.05,FALSE,attn,off,FALSE,FALSE,TRUE,1024,1024,0,9-10-11-12-13-14-15-16-17-18-19-20-21-22-23-24,5-6-7-8,1-2-3-4,2
25/10/2025 11:53,mobilenetv3_small_100,mamba,42,1494793,5.7332,0.5292,0.5273,0.5255,0.5879,0.5273,0.5282,0.5957,0.5292,0,0,0,0,0,0,0,0,0,0,0,0,0,0,0,0,features=mobilenetv3_small_100,256,0.2,2,40,10,32,0.001,0.0005,0,FALSE,attn,off,FALSE,FALSE,FALSE,1024,1024,0,9-10-11-12-13-14-15-16-17-18-19-20-21-22-23-24,5-6-7-8,1-2-3-4,2
25/10/2025 11:53,mobilenetv3_small_100,mamba,42,1494793,5.7332,0.4958,0.4844,0.4796,0.5472,0.4844,0.4886,0.5581,0.4958,0,0,0,0,0,0,0,0,0,0,0,0,0,0,0,0,features=mobilenetv3_small_100,256,0.2,2,40,10,32,0.001,0.0005,0,FALSE,attn,off,FALSE,FALSE,TRUE,1024,1024,0,9-10-11-12-13-14-15-16-17-18-19-20-21-22-23-24,5-6-7-8,1-2-3-4,2
25/10/2025 11:53,mobilenetv3_small_100,mamba,42,1494793,5.7332,0.5458,0.543,0.5451,0.606,0.543,0.5481,0.613,0.5458,0,0,0,0,0,0,0,0,0,0,0,0,0,0,0,0,features=mobilenetv3_small_100,256,0.2,2,40,10,32,0.001,0.0005,0.02,FALSE,attn,off,FALSE,FALSE,FALSE,1024,1024,0,9-10-11-12-13-14-15-16-17-18-19-20-21-22-23-24,5-6-7-8,1-2-3-4,2
25/10/2025 11:54,mobilenetv3_small_100,mamba,42,1494793,5.7332,0.4917,0.4844,0.4783,0.5469,0.4844,0.4844,0.5567,0.4917,0,0,0,0,0,0,0,0,0,0,0,0,0,0,0,0,features=mobilenetv3_small_100,256,0.2,2,40,10,32,0.001,0.0005,0.02,FALSE,attn,off,FALSE,FALSE,TRUE,1024,1024,0,9-10-11-12-13-14-15-16-17-18-19-20-21-22-23-24,5-6-7-8,1-2-3-4,2
25/10/2025 11:54,mobilenetv3_small_100,mamba,42,1494793,5.7332,0.5542,0.5508,0.5525,0.6077,0.5508,0.557,0.6169,0.5542,0,0,0,0,0,0,0,0,0,0,0,0,0,0,0,0,features=mobilenetv3_small_100,256,0.2,2,40,10,32,0.001,0.0005,0.05,FALSE,attn,off,FALSE,FALSE,FALSE,1024,1024,0,9-10-11-12-13-14-15-16-17-18-19-20-21-22-23-24,5-6-7-8,1-2-3-4,2
25/10/2025 11:55,mobilenetv3_small_100,mamba,42,1494793,5.7332,0.5,0.5,0.491,0.5696,0.5,0.4914,0.5762,0.5,0,0,0,0,0,0,0,0,0,0,0,0,0,0,0,0,features=mobilenetv3_small_100,256,0.2,2,40,10,32,0.001,0.0005,0.05,FALSE,attn,off,FALSE,FALSE,TRUE,1024,1024,0,9-10-11-12-13-14-15-16-17-18-19-20-21-22-23-24,5-6-7-8,1-2-3-4,2
25/10/2025 11:55,mobilenetv3_small_100,mamba,42,1494793,5.7332,0.4958,0.4883,0.4891,0.5571,0.4883,0.4974,0.5707,0.4958,0,0,0,0,0,0,0,0,0,0,0,0,0,0,0,0,features=mobilenetv3_small_100,256,0.25,2,40,10,32,0.001,0.0005,0,FALSE,attn,off,FALSE,FALSE,FALSE,1024,1024,0,9-10-11-12-13-14-15-16-17-18-19-20-21-22-23-24,5-6-7-8,1-2-3-4,2
25/10/2025 11:56,mobilenetv3_small_100,mamba,42,1494793,5.7332,0.4917,0.4922,0.4678,0.5506,0.4922,0.4729,0.5659,0.4917,0,0,0,0,0,0,0,0,0,0,0,0,0,0,0,0,features=mobilenetv3_small_100,256,0.25,2,40,10,32,0.001,0.0005,0,FALSE,attn,off,FALSE,FALSE,TRUE,1024,1024,0,9-10-11-12-13-14-15-16-17-18-19-20-21-22-23-24,5-6-7-8,1-2-3-4,2
25/10/2025 11:56,mobilenetv3_small_100,mamba,42,1494793,5.7332,0.4958,0.4883,0.4909,0.5548,0.4883,0.4986,0.5668,0.4958,0,0,0,0,0,0,0,0,0,0,0,0,0,0,0,0,features=mobilenetv3_small_100,256,0.25,2,40,10,32,0.001,0.0005,0.02,FALSE,attn,off,FALSE,FALSE,FALSE,1024,1024,0,9-10-11-12-13-14-15-16-17-18-19-20-21-22-23-24,5-6-7-8,1-2-3-4,2
25/10/2025 11:56,mobilenetv3_small_100,mamba,42,1494793,5.7332,0.4917,0.4922,0.4682,0.5526,0.4922,0.474,0.569,0.4917,0,0,0,0,0,0,0,0,0,0,0,0,0,0,0,0,features=mobilenetv3_small_100,256,0.25,2,40,10,32,0.001,0.0005,0.02,FALSE,attn,off,FALSE,FALSE,TRUE,1024,1024,0,9-10-11-12-13-14-15-16-17-18-19-20-21-22-23-24,5-6-7-8,1-2-3-4,2
25/10/2025 11:57,mobilenetv3_small_100,mamba,42,1494793,5.7332,0.5042,0.4961,0.4962,0.5764,0.4961,0.5051,0.5913,0.5042,0,0,0,0,0,0,0,0,0,0,0,0,0,0,0,0,features=mobilenetv3_small_100,256,0.25,2,40,10,32,0.001,0.0005,0.05,FALSE,attn,off,FALSE,FALSE,FALSE,1024,1024,0,9-10-11-12-13-14-15-16-17-18-19-20-21-22-23-24,5-6-7-8,1-2-3-4,2
25/10/2025 11:57,mobilenetv3_small_100,mamba,42,1494793,5.7332,0.4833,0.4844,0.4564,0.5472,0.4844,0.4625,0.5646,0.4833,0,0,0,0,0,0,0,0,0,0,0,0,0,0,0,0,features=mobilenetv3_small_100,256,0.25,2,40,10,32,0.001,0.0005,0.05,FALSE,attn,off,FALSE,FALSE,TRUE,1024,1024,0,9-10-11-12-13-14-15-16-17-18-19-20-21-22-23-24,5-6-7-8,1-2-3-4,2
25/10/2025 11:58,mobilenetv3_small_100,mamba,42,1494793,5.7332,0.4583,0.4609,0.4503,0.5488,0.4609,0.4543,0.5641,0.4583,0,0,0,0,0,0,0,0,0,0,0,0,0,0,0,0,features=mobilenetv3_small_100,256,0.3,2,40,10,32,0.001,0.0005,0,FALSE,attn,off,FALSE,FALSE,FALSE,1024,1024,0,9-10-11-12-13-14-15-16-17-18-19-20-21-22-23-24,5-6-7-8,1-2-3-4,2
25/10/2025 11:58,mobilenetv3_small_100,mamba,42,1494793,5.7332,0.4917,0.4922,0.4711,0.5418,0.4922,0.4759,0.5557,0.4917,0,0,0,0,0,0,0,0,0,0,0,0,0,0,0,0,features=mobilenetv3_small_100,256,0.3,2,40,10,32,0.001,0.0005,0,FALSE,attn,off,FALSE,FALSE,TRUE,1024,1024,0,9-10-11-12-13-14-15-16-17-18-19-20-21-22-23-24,5-6-7-8,1-2-3-4,2
25/10/2025 11:58,mobilenetv3_small_100,mamba,42,1494793,5.7332,0.4583,0.4609,0.4489,0.5447,0.4609,0.4528,0.5596,0.4583,0,0,0,0,0,0,0,0,0,0,0,0,0,0,0,0,features=mobilenetv3_small_100,256,0.3,2,40,10,32,0.001,0.0005,0.02,FALSE,attn,off,FALSE,FALSE,FALSE,1024,1024,0,9-10-11-12-13-14-15-16-17-18-19-20-21-22-23-24,5-6-7-8,1-2-3-4,2
25/10/2025 11:59,mobilenetv3_small_100,mamba,42,1494793,5.7332,0.4875,0.4922,0.4777,0.5783,0.4922,0.478,0.5896,0.4875,0,0,0,0,0,0,0,0,0,0,0,0,0,0,0,0,features=mobilenetv3_small_100,256,0.3,2,40,10,32,0.001,0.0005,0.02,FALSE,attn,off,FALSE,FALSE,TRUE,1024,1024,0,9-10-11-12-13-14-15-16-17-18-19-20-21-22-23-24,5-6-7-8,1-2-3-4,2
25/10/2025 11:59,mobilenetv3_small_100,mamba,42,1494793,5.7332,0.4542,0.457,0.4458,0.5415,0.457,0.4501,0.5571,0.4542,0,0,0,0,0,0,0,0,0,0,0,0,0,0,0,0,features=mobilenetv3_small_100,256,0.3,2,40,10,32,0.001,0.0005,0.05,FALSE,attn,off,FALSE,FALSE,FALSE,1024,1024,0,9-10-11-12-13-14-15-16-17-18-19-20-21-22-23-24,5-6-7-8,1-2-3-4,2
25/10/2025 12:00,mobilenetv3_small_100,mamba,42,1494793,5.7332,0.4833,0.4883,0.4745,0.5712,0.4883,0.4753,0.5831,0.4833,0,0,0,0,0,0,0,0,0,0,0,0,0,0,0,0,features=mobilenetv3_small_100,256,0.3,2,40,10,32,0.001,0.0005,0.05,FALSE,attn,off,FALSE,FALSE,TRUE,1024,1024,0,9-10-11-12-13-14-15-16-17-18-19-20-21-22-23-24,5-6-7-8,1-2-3-4,2
25/10/2025 12:00,mobilenetv3_small_100,mamba,42,655241,2.5346,0.5042,0.4961,0.5178,0.6155,0.4961,0.5238,0.6232,0.5042,0,0,0,0,0,0,0,0,0,0,0,0,0,0,0,0,features=mobilenetv3_small_100,128,0.2,3,40,10,32,0.001,0.0005,0,FALSE,attn,off,FALSE,FALSE,FALSE,1024,1024,0,9-10-11-12-13-14-15-16-17-18-19-20-21-22-23-24,5-6-7-8,1-2-3-4,2
25/10/2025 12:01,mobilenetv3_small_100,mamba,42,655241,2.5346,0.4917,0.4805,0.4802,0.546,0.4805,0.49,0.5586,0.4917,0,0,0,0,0,0,0,0,0,0,0,0,0,0,0,0,features=mobilenetv3_small_100,128,0.2,3,40,10,32,0.001,0.0005,0,FALSE,attn,off,FALSE,FALSE,TRUE,1024,1024,0,9-10-11-12-13-14-15-16-17-18-19-20-21-22-23-24,5-6-7-8,1-2-3-4,2
25/10/2025 12:01,mobilenetv3_small_100,mamba,42,655241,2.5346,0.4792,0.4688,0.4912,0.5984,0.4688,0.5002,0.6105,0.4792,0,0,0,0,0,0,0,0,0,0,0,0,0,0,0,0,features=mobilenetv3_small_100,128,0.2,3,40,10,32,0.001,0.0005,0.02,FALSE,attn,off,FALSE,FALSE,FALSE,1024,1024,0,9-10-11-12-13-14-15-16-17-18-19-20-21-22-23-24,5-6-7-8,1-2-3-4,2
25/10/2025 12:01,mobilenetv3_small_100,mamba,42,655241,2.5346,0.4958,0.4844,0.4836,0.548,0.4844,0.4936,0.5607,0.4958,0,0,0,0,0,0,0,0,0,0,0,0,0,0,0,0,features=mobilenetv3_small_100,128,0.2,3,40,10,32,0.001,0.0005,0.02,FALSE,attn,off,FALSE,FALSE,TRUE,1024,1024,0,9-10-11-12-13-14-15-16-17-18-19-20-21-22-23-24,5-6-7-8,1-2-3-4,2
25/10/2025 12:02,mobilenetv3_small_100,mamba,42,655241,2.5346,0.475,0.4648,0.4868,0.5893,0.4648,0.4955,0.6008,0.475,0,0,0,0,0,0,0,0,0,0,0,0,0,0,0,0,features=mobilenetv3_small_100,128,0.2,3,40,10,32,0.001,0.0005,0.05,FALSE,attn,off,FALSE,FALSE,FALSE,1024,1024,0,9-10-11-12-13-14-15-16-17-18-19-20-21-22-23-24,5-6-7-8,1-2-3-4,2
25/10/2025 12:02,mobilenetv3_small_100,mamba,42,655241,2.5346,0.4958,0.4844,0.4842,0.5455,0.4844,0.4943,0.5581,0.4958,0,0,0,0,0,0,0,0,0,0,0,0,0,0,0,0,features=mobilenetv3_small_100,128,0.2,3,40,10,32,0.001,0.0005,0.05,FALSE,attn,off,FALSE,FALSE,TRUE,1024,1024,0,9-10-11-12-13-14-15-16-17-18-19-20-21-22-23-24,5-6-7-8,1-2-3-4,2
25/10/2025 12:03,mobilenetv3_small_100,mamba,42,655241,2.5346,0.4917,0.4844,0.5035,0.5968,0.4844,0.5095,0.6058,0.4917,0,0,0,0,0,0,0,0,0,0,0,0,0,0,0,0,features=mobilenetv3_small_100,128,0.25,3,40,10,32,0.001,0.0005,0,FALSE,attn,off,FALSE,FALSE,FALSE,1024,1024,0,9-10-11-12-13-14-15-16-17-18-19-20-21-22-23-24,5-6-7-8,1-2-3-4,2
25/10/2025 12:03,mobilenetv3_small_100,mamba,42,655241,2.5346,0.4667,0.4688,0.4581,0.5327,0.4688,0.4606,0.544,0.4667,0,0,0,0,0,0,0,0,0,0,0,0,0,0,0,0,features=mobilenetv3_small_100,128,0.25,3,40,10,32,0.001,0.0005,0,FALSE,attn,off,FALSE,FALSE,TRUE,1024,1024,0,9-10-11-12-13-14-15-16-17-18-19-20-21-22-23-24,5-6-7-8,1-2-3-4,2
25/10/2025 12:04,mobilenetv3_small_100,mamba,42,655241,2.5346,0.4917,0.4844,0.5052,0.5972,0.4844,0.5113,0.6062,0.4917,0,0,0,0,0,0,0,0,0,0,0,0,0,0,0,0,features=mobilenetv3_small_100,128,0.25,3,40,10,32,0.001,0.0005,0.02,FALSE,attn,off,FALSE,FALSE,FALSE,1024,1024,0,9-10-11-12-13-14-15-16-17-18-19-20-21-22-23-24,5-6-7-8,1-2-3-4,2
25/10/2025 12:04,mobilenetv3_small_100,mamba,42,655241,2.5346,0.475,0.4766,0.4652,0.5349,0.4766,0.4688,0.5474,0.475,0,0,0,0,0,0,0,0,0,0,0,0,0,0,0,0,features=mobilenetv3_small_100,128,0.25,3,40,10,32,0.001,0.0005,0.02,FALSE,attn,off,FALSE,FALSE,TRUE,1024,1024,0,9-10-11-12-13-14-15-16-17-18-19-20-21-22-23-24,5-6-7-8,1-2-3-4,2
25/10/2025 12:04,mobilenetv3_small_100,mamba,42,655241,2.5346,0.4875,0.4805,0.5024,0.5948,0.4805,0.5083,0.6036,0.4875,0,0,0,0,0,0,0,0,0,0,0,0,0,0,0,0,features=mobilenetv3_small_100,128,0.25,3,40,10,32,0.001,0.0005,0.05,FALSE,attn,off,FALSE,FALSE,FALSE,1024,1024,0,9-10-11-12-13-14-15-16-17-18-19-20-21-22-23-24,5-6-7-8,1-2-3-4,2
25/10/2025 12:05,mobilenetv3_small_100,mamba,42,655241,2.5346,0.4875,0.4922,0.481,0.5452,0.4922,0.483,0.5565,0.4875,0,0,0,0,0,0,0,0,0,0,0,0,0,0,0,0,features=mobilenetv3_small_100,128,0.25,3,40,10,32,0.001,0.0005,0.05,FALSE,attn,off,FALSE,FALSE,TRUE,1024,1024,0,9-10-11-12-13-14-15-16-17-18-19-20-21-22-23-24,5-6-7-8,1-2-3-4,2
25/10/2025 12:05,mobilenetv3_small_100,mamba,42,655241,2.5346,0.4583,0.4531,0.4616,0.5783,0.4531,0.4673,0.5918,0.4583,0,0,0,0,0,0,0,0,0,0,0,0,0,0,0,0,features=mobilenetv3_small_100,128,0.3,3,40,10,32,0.001,0.0005,0,FALSE,attn,off,FALSE,FALSE,FALSE,1024,1024,0,9-10-11-12-13-14-15-16-17-18-19-20-21-22-23-24,5-6-7-8,1-2-3-4,2
25/10/2025 12:06,mobilenetv3_small_100,mamba,42,655241,2.5346,0.4292,0.4336,0.4209,0.4741,0.4336,0.4208,0.4814,0.4292,0,0,0,0,0,0,0,0,0,0,0,0,0,0,0,0,features=mobilenetv3_small_100,128,0.3,3,40,10,32,0.001,0.0005,0,FALSE,attn,off,FALSE,FALSE,TRUE,1024,1024,0,9-10-11-12-13-14-15-16-17-18-19-20-21-22-23-24,5-6-7-8,1-2-3-4,2
25/10/2025 12:06,mobilenetv3_small_100,mamba,42,655241,2.5346,0.4542,0.457,0.4427,0.534,0.457,0.4441,0.5454,0.4542,0,0,0,0,0,0,0,0,0,0,0,0,0,0,0,0,features=mobilenetv3_small_100,128,0.3,3,40,10,32,0.001,0.0005,0.02,FALSE,attn,off,FALSE,FALSE,FALSE,1024,1024,0,9-10-11-12-13-14-15-16-17-18-19-20-21-22-23-24,5-6-7-8,1-2-3-4,2
25/10/2025 12:07,mobilenetv3_small_100,mamba,42,655241,2.5346,0.4375,0.4453,0.4307,0.473,0.4453,0.4287,0.4784,0.4375,0,0,0,0,0,0,0,0,0,0,0,0,0,0,0,0,features=mobilenetv3_small_100,128,0.3,3,40,10,32,0.001,0.0005,0.02,FALSE,attn,off,FALSE,FALSE,TRUE,1024,1024,0,9-10-11-12-13-14-15-16-17-18-19-20-21-22-23-24,5-6-7-8,1-2-3-4,2
25/10/2025 12:07,mobilenetv3_small_100,mamba,42,655241,2.5346,0.4667,0.4688,0.4536,0.5494,0.4688,0.4558,0.5618,0.4667,0,0,0,0,0,0,0,0,0,0,0,0,0,0,0,0,features=mobilenetv3_small_100,128,0.3,3,40,10,32,0.001,0.0005,0.05,FALSE,attn,off,FALSE,FALSE,FALSE,1024,1024,0,9-10-11-12-13-14-15-16-17-18-19-20-21-22-23-24,5-6-7-8,1-2-3-4,2
25/10/2025 12:07,mobilenetv3_small_100,mamba,42,655241,2.5346,0.4333,0.4414,0.4264,0.4679,0.4414,0.4249,0.4741,0.4333,0,0,0,0,0,0,0,0,0,0,0,0,0,0,0,0,features=mobilenetv3_small_100,128,0.3,3,40,10,32,0.001,0.0005,0.05,FALSE,attn,off,FALSE,FALSE,TRUE,1024,1024,0,9-10-11-12-13-14-15-16-17-18-19-20-21-22-23-24,5-6-7-8,1-2-3-4,2
25/10/2025 12:08,mobilenetv3_small_100,mamba,42,1494793,5.7332,0.5083,0.5039,0.4941,0.5675,0.5039,0.5031,0.5851,0.5083,0,0,0,0,0,0,0,0,0,0,0,0,0,0,0,0,features=mobilenetv3_small_100,256,0.15,2,40,10,32,0.0007,0.0005,0.05,FALSE,attn,off,FALSE,FALSE,TRUE,1024,1024,0,9-10-11-12-13-14-15-16-17-18-19-20-21-22-23-24,5-6-7-8,1-2-3-4,3
25/10/2025 12:08,mobilenetv3_small_100,mamba,42,1494793,5.7332,0.5083,0.5039,0.4941,0.5675,0.5039,0.5031,0.5851,0.5083,0,0,0,0,0,0,0,0,0,0,0,0,0,0,0,0,features=mobilenetv3_small_100,256,0.15,2,40,10,32,0.0007,0.001,0.05,FALSE,attn,off,FALSE,FALSE,TRUE,1024,1024,0,9-10-11-12-13-14-15-16-17-18-19-20-21-22-23-24,5-6-7-8,1-2-3-4,3
25/10/2025 12:09,mobilenetv3_small_100,mamba,42,1494793,5.7332,0.5542,0.5508,0.5413,0.6112,0.5508,0.5485,0.6266,0.5542,0,0,0,0,0,0,0,0,0,0,0,0,0,0,0,0,features=mobilenetv3_small_100,256,0.15,2,40,10,32,0.001,0.0005,0.05,FALSE,attn,off,FALSE,FALSE,TRUE,1024,1024,0,9-10-11-12-13-14-15-16-17-18-19-20-21-22-23-24,5-6-7-8,1-2-3-4,3
25/10/2025 12:09,mobilenetv3_small_100,mamba,42,1494793,5.7332,0.5542,0.5508,0.5413,0.6112,0.5508,0.5485,0.6266,0.5542,0,0,0,0,0,0,0,0,0,0,0,0,0,0,0,0,features=mobilenetv3_small_100,256,0.15,2,40,10,32,0.001,0.001,0.05,FALSE,attn,off,FALSE,FALSE,TRUE,1024,1024,0,9-10-11-12-13-14-15-16-17-18-19-20-21-22-23-24,5-6-7-8,1-2-3-4,3
25/10/2025 12:10,mobilenetv3_small_100,mamba,42,1494793,5.7332,0.5417,0.5391,0.5352,0.5877,0.5391,0.542,0.6014,0.5417,0,0,0,0,0,0,0,0,0,0,0,0,0,0,0,0,features=mobilenetv3_small_100,256,0.2,2,40,10,32,0.0007,0.0005,0.05,FALSE,attn,off,FALSE,FALSE,FALSE,1024,1024,0,9-10-11-12-13-14-15-16-17-18-19-20-21-22-23-24,5-6-7-8,1-2-3-4,3
25/10/2025 12:10,mobilenetv3_small_100,mamba,42,1494793,5.7332,0.5417,0.5391,0.5352,0.5877,0.5391,0.542,0.6014,0.5417,0,0,0,0,0,0,0,0,0,0,0,0,0,0,0,0,features=mobilenetv3_small_100,256,0.2,2,40,10,32,0.0007,0.001,0.05,FALSE,attn,off,FALSE,FALSE,FALSE,1024,1024,0,9-10-11-12-13-14-15-16-17-18-19-20-21-22-23-24,5-6-7-8,1-2-3-4,3
25/10/2025 12:10,mobilenetv3_small_100,mamba,42,1494793,5.7332,0.5542,0.5508,0.5525,0.6077,0.5508,0.557,0.6169,0.5542,0,0,0,0,0,0,0,0,0,0,0,0,0,0,0,0,features=mobilenetv3_small_100,256,0.2,2,40,10,32,0.001,0.0005,0.05,FALSE,attn,off,FALSE,FALSE,FALSE,1024,1024,0,9-10-11-12-13-14-15-16-17-18-19-20-21-22-23-24,5-6-7-8,1-2-3-4,3
25/10/2025 12:11,mobilenetv3_small_100,mamba,42,1494793,5.7332,0.5542,0.5508,0.5525,0.6077,0.5508,0.557,0.6169,0.5542,0,0,0,0,0,0,0,0,0,0,0,0,0,0,0,0,features=mobilenetv3_small_100,256,0.2,2,40,10,32,0.001,0.001,0.05,FALSE,attn,off,FALSE,FALSE,FALSE,1024,1024,0,9-10-11-12-13-14-15-16-17-18-19-20-21-22-23-24,5-6-7-8,1-2-3-4,3
25/10/2025 12:11,mobilenetv3_small_100,mamba,42,961353,3.6983,0.5333,0.5234,0.5298,0.5891,0.5234,0.5393,0.6017,0.5333,0,0,0,0,0,0,0,0,0,0,0,0,0,0,0,0,features=mobilenetv3_small_100,192,0.25,2,40,10,32,0.0007,0.0005,0,FALSE,attn,off,FALSE,FALSE,FALSE,1024,1024,0,9-10-11-12-13-14-15-16-17-18-19-20-21-22-23-24,5-6-7-8,1-2-3-4,3
25/10/2025 12:12,mobilenetv3_small_100,mamba,42,961353,3.6983,0.5333,0.5234,0.5298,0.5891,0.5234,0.5393,0.6017,0.5333,0,0,0,0,0,0,0,0,0,0,0,0,0,0,0,0,features=mobilenetv3_small_100,192,0.25,2,40,10,32,0.0007,0.001,0,FALSE,attn,off,FALSE,FALSE,FALSE,1024,1024,0,9-10-11-12-13-14-15-16-17-18-19-20-21-22-23-24,5-6-7-8,1-2-3-4,3
25/10/2025 12:12,mobilenetv3_small_100,mamba,42,961353,3.6983,0.55,0.5391,0.5403,0.5868,0.5391,0.5505,0.5992,0.55,0,0,0,0,0,0,0,0,0,0,0,0,0,0,0,0,features=mobilenetv3_small_100,192,0.25,2,40,10,32,0.001,0.0005,0,FALSE,attn,off,FALSE,FALSE,FALSE,1024,1024,0,9-10-11-12-13-14-15-16-17-18-19-20-21-22-23-24,5-6-7-8,1-2-3-4,3
25/10/2025 12:13,mobilenetv3_small_100,mamba,42,961353,3.6983,0.55,0.5391,0.5403,0.5868,0.5391,0.5505,0.5992,0.55,0,0,0,0,0,0,0,0,0,0,0,0,0,0,0,0,features=mobilenetv3_small_100,192,0.25,2,40,10,32,0.001,0.001,0,FALSE,attn,off,FALSE,FALSE,FALSE,1024,1024,0,9-10-11-12-13-14-15-16-17-18-19-20-21-22-23-24,5-6-7-8,1-2-3-4,3
25/10/2025 12:13,mobilenetv3_small_100,mamba,42,1494793,5.7332,0.5042,0.4961,0.4878,0.552,0.4961,0.4968,0.5665,0.5042,0,0,0,0,0,0,0,0,0,0,0,0,0,0,0,0,features=mobilenetv3_small_100,256,0.15,2,40,10,32,0.0007,0.0005,0.02,FALSE,attn,off,FALSE,FALSE,TRUE,1024,1024,0,9-10-11-12-13-14-15-16-17-18-19-20-21-22-23-24,5-6-7-8,1-2-3-4,3
25/10/2025 12:13,mobilenetv3_small_100,mamba,42,1494793,5.7332,0.5042,0.4961,0.4878,0.552,0.4961,0.4968,0.5665,0.5042,0,0,0,0,0,0,0,0,0,0,0,0,0,0,0,0,features=mobilenetv3_small_100,256,0.15,2,40,10,32,0.0007,0.001,0.02,FALSE,attn,off,FALSE,FALSE,TRUE,1024,1024,0,9-10-11-12-13-14-15-16-17-18-19-20-21-22-23-24,5-6-7-8,1-2-3-4,3
25/10/2025 12:14,mobilenetv3_small_100,mamba,42,1494793,5.7332,0.55,0.5469,0.5388,0.6138,0.5469,0.5442,0.6267,0.55,0,0,0,0,0,0,0,0,0,0,0,0,0,0,0,0,features=mobilenetv3_small_100,256,0.15,2,40,10,32,0.001,0.0005,0.02,FALSE,attn,off,FALSE,FALSE,TRUE,1024,1024,0,9-10-11-12-13-14-15-16-17-18-19-20-21-22-23-24,5-6-7-8,1-2-3-4,3
25/10/2025 12:14,mobilenetv3_small_100,mamba,42,1494793,5.7332,0.55,0.5469,0.5385,0.6127,0.5469,0.5439,0.6255,0.55,0,0,0,0,0,0,0,0,0,0,0,0,0,0,0,0,features=mobilenetv3_small_100,256,0.15,2,40,10,32,0.001,0.001,0.02,FALSE,attn,off,FALSE,FALSE,TRUE,1024,1024,0,9-10-11-12-13-14-15-16-17-18-19-20-21-22-23-24,5-6-7-8,1-2-3-4,3
25/10/2025 12:15,mobilenetv3_small_100,mamba,42,655241,2.5347,0.5042,0.5156,0.5164,0.5773,0.5156,0.519,0.5914,0.5042,0,0,0,0,0,0,0,0,0,0,0,0,0,0,0,0,features=mobilenetv3_small_100,128,0.15,3,40,10,32,0.0007,0.0005,0,FALSE,topk,off,FALSE,FALSE,TRUE,1024,1024,0,9-10-11-12-13-14-15-16-17-18-19-20-21-22-23-24,5-6-7-8,1-2-3-4,3
25/10/2025 12:15,mobilenetv3_small_100,mamba,42,655241,2.5347,0.5042,0.5156,0.5151,0.5732,0.5156,0.5183,0.5878,0.5042,0,0,0,0,0,0,0,0,0,0,0,0,0,0,0,0,features=mobilenetv3_small_100,128,0.15,3,40,10,32,0.0007,0.001,0,FALSE,topk,off,FALSE,FALSE,TRUE,1024,1024,0,9-10-11-12-13-14-15-16-17-18-19-20-21-22-23-24,5-6-7-8,1-2-3-4,3
25/10/2025 12:16,mobilenetv3_small_100,mamba,42,655241,2.5347,0.55,0.5586,0.5495,0.6054,0.5586,0.555,0.6221,0.55,0,0,0,0,0,0,0,0,0,0,0,0,0,0,0,0,features=mobilenetv3_small_100,128,0.15,3,40,10,32,0.001,0.0005,0,FALSE,topk,off,FALSE,FALSE,TRUE,1024,1024,0,9-10-11-12-13-14-15-16-17-18-19-20-21-22-23-24,5-6-7-8,1-2-3-4,3
25/10/2025 12:16,mobilenetv3_small_100,mamba,42,655241,2.5347,0.5583,0.5664,0.5543,0.612,0.5664,0.5594,0.6284,0.5583,0,0,0,0,0,0,0,0,0,0,0,0,0,0,0,0,features=mobilenetv3_small_100,128,0.15,3,40,10,32,0.001,0.001,0,FALSE,topk,off,FALSE,FALSE,TRUE,1024,1024,0,9-10-11-12-13-14-15-16-17-18-19-20-21-22-23-24,5-6-7-8,1-2-3-4,3
25/10/2025 12:16,mobilenetv3_small_100,mamba,42,1494793,5.7332,0.5833,0.5703,0.5632,0.5967,0.5703,0.5688,0.5921,0.5833,0,0,0,0,0,0,0,0,0,0,0,0,0,0,0,0,features=mobilenetv3_small_100,256,0.15,2,40,10,32,0.0007,0.0005,0,FALSE,attn,off,FALSE,FALSE,TRUE,1024,1024,0,9-10-11-12-13-14-15-16-17-18-19-20-21-22-23-24,5-6-7-8,1-2-3-4,3
25/10/2025 12:17,mobilenetv3_small_100,mamba,42,1494793,5.7332,0.5833,0.5703,0.5632,0.5967,0.5703,0.5688,0.5921,0.5833,0,0,0,0,0,0,0,0,0,0,0,0,0,0,0,0,features=mobilenetv3_small_100,256,0.15,2,40,10,32,0.0007,0.001,0,FALSE,attn,off,FALSE,FALSE,TRUE,1024,1024,0,9-10-11-12-13-14-15-16-17-18-19-20-21-22-23-24,5-6-7-8,1-2-3-4,3
25/10/2025 12:17,mobilenetv3_small_100,mamba,42,1494793,5.7332,0.5458,0.543,0.5334,0.6077,0.543,0.5385,0.6202,0.5458,0,0,0,0,0,0,0,0,0,0,0,0,0,0,0,0,features=mobilenetv3_small_100,256,0.15,2,40,10,32,0.001,0.0005,0,FALSE,attn,off,FALSE,FALSE,TRUE,1024,1024,0,9-10-11-12-13-14-15-16-17-18-19-20-21-22-23-24,5-6-7-8,1-2-3-4,3
25/10/2025 12:18,mobilenetv3_small_100,mamba,42,1494793,5.7332,0.5458,0.543,0.5334,0.6077,0.543,0.5385,0.6202,0.5458,0,0,0,0,0,0,0,0,0,0,0,0,0,0,0,0,features=mobilenetv3_small_100,256,0.15,2,40,10,32,0.001,0.001,0,FALSE,attn,off,FALSE,FALSE,TRUE,1024,1024,0,9-10-11-12-13-14-15-16-17-18-19-20-21-22-23-24,5-6-7-8,1-2-3-4,3
25/10/2025 12:18,mobilenetv3_small_100,mamba,42,1494793,5.7332,0.5417,0.5391,0.539,0.5898,0.5391,0.5461,0.6037,0.5417,0,0,0,0,0,0,0,0,0,0,0,0,0,0,0,0,features=mobilenetv3_small_100,256,0.2,2,40,10,32,0.0007,0.0005,0.02,FALSE,attn,off,FALSE,FALSE,FALSE,1024,1024,0,9-10-11-12-13-14-15-16-17-18-19-20-21-22-23-24,5-6-7-8,1-2-3-4,3
25/10/2025 12:19,mobilenetv3_small_100,mamba,42,1494793,5.7332,0.5417,0.5391,0.539,0.5898,0.5391,0.5461,0.6037,0.5417,0,0,0,0,0,0,0,0,0,0,0,0,0,0,0,0,features=mobilenetv3_small_100,256,0.2,2,40,10,32,0.0007,0.001,0.02,FALSE,attn,off,FALSE,FALSE,FALSE,1024,1024,0,9-10-11-12-13-14-15-16-17-18-19-20-21-22-23-24,5-6-7-8,1-2-3-4,3
25/10/2025 12:19,mobilenetv3_small_100,mamba,42,1494793,5.7332,0.5458,0.543,0.5451,0.606,0.543,0.5481,0.613,0.5458,0,0,0,0,0,0,0,0,0,0,0,0,0,0,0,0,features=mobilenetv3_small_100,256,0.2,2,40,10,32,0.001,0.0005,0.02,FALSE,attn,off,FALSE,FALSE,FALSE,1024,1024,0,9-10-11-12-13-14-15-16-17-18-19-20-21-22-23-24,5-6-7-8,1-2-3-4,3
25/10/2025 12:20,mobilenetv3_small_100,mamba,42,1494793,5.7332,0.5458,0.543,0.5451,0.606,0.543,0.5481,0.613,0.5458,0,0,0,0,0,0,0,0,0,0,0,0,0,0,0,0,features=mobilenetv3_small_100,256,0.2,2,40,10,32,0.001,0.001,0.02,FALSE,attn,off,FALSE,FALSE,FALSE,1024,1024,0,9-10-11-12-13-14-15-16-17-18-19-20-21-22-23-24,5-6-7-8,1-2-3-4,3
25/10/2025 12:20,mobilenetv3_small_100,mamba,42,961353,3.6983,0.5333,0.5234,0.5285,0.5823,0.5234,0.5379,0.5944,0.5333,0,0,0,0,0,0,0,0,0,0,0,0,0,0,0,0,features=mobilenetv3_small_100,192,0.25,2,40,10,32,0.0007,0.0005,0.02,FALSE,attn,off,FALSE,FALSE,FALSE,1024,1024,0,9-10-11-12-13-14-15-16-17-18-19-20-21-22-23-24,5-6-7-8,1-2-3-4,3
25/10/2025 12:20,mobilenetv3_small_100,mamba,42,961353,3.6983,0.5333,0.5234,0.5285,0.5823,0.5234,0.5379,0.5944,0.5333,0,0,0,0,0,0,0,0,0,0,0,0,0,0,0,0,features=mobilenetv3_small_100,192,0.25,2,40,10,32,0.0007,0.001,0.02,FALSE,attn,off,FALSE,FALSE,FALSE,1024,1024,0,9-10-11-12-13-14-15-16-17-18-19-20-21-22-23-24,5-6-7-8,1-2-3-4,3
25/10/2025 12:21,mobilenetv3_small_100,mamba,42,961353,3.6983,0.5417,0.5312,0.5323,0.5785,0.5312,0.5419,0.5904,0.5417,0,0,0,0,0,0,0,0,0,0,0,0,0,0,0,0,features=mobilenetv3_small_100,192,0.25,2,40,10,32,0.001,0.0005,0.02,FALSE,attn,off,FALSE,FALSE,FALSE,1024,1024,0,9-10-11-12-13-14-15-16-17-18-19-20-21-22-23-24,5-6-7-8,1-2-3-4,3
25/10/2025 12:21,mobilenetv3_small_100,mamba,42,961353,3.6983,0.5417,0.5312,0.5323,0.5785,0.5312,0.5419,0.5904,0.5417,0,0,0,0,0,0,0,0,0,0,0,0,0,0,0,0,features=mobilenetv3_small_100,192,0.25,2,40,10,32,0.001,0.001,0.02,FALSE,attn,off,FALSE,FALSE,FALSE,1024,1024,0,9-10-11-12-13-14-15-16-17-18-19-20-21-22-23-24,5-6-7-8,1-2-3-4,3
25/10/2025 12:22,mobilenetv3_small_100,mamba,42,1494793,5.7332,0.575,0.5703,0.57,0.6238,0.5703,0.5757,0.634,0.575,0,0,0,0,0,0,0,0,0,0,0,0,0,0,0,0,features=mobilenetv3_small_100,256,0.15,2,40,10,32,0.0007,0.0005,0,FALSE,attn,off,FALSE,FALSE,FALSE,1024,1024,0,9-10-11-12-13-14-15-16-17-18-19-20-21-22-23-24,5-6-7-8,1-2-3-4,3
25/10/2025 12:22,mobilenetv3_small_100,mamba,42,1494793,5.7332,0.575,0.5703,0.57,0.6238,0.5703,0.5757,0.634,0.575,0,0,0,0,0,0,0,0,0,0,0,0,0,0,0,0,features=mobilenetv3_small_100,256,0.15,2,40,10,32,0.0007,0.001,0,FALSE,attn,off,FALSE,FALSE,FALSE,1024,1024,0,9-10-11-12-13-14-15-16-17-18-19-20-21-22-23-24,5-6-7-8,1-2-3-4,3
25/10/2025 12:23,mobilenetv3_small_100,mamba,42,1494793,5.7332,0.5417,0.5391,0.5381,0.5939,0.5391,0.5417,0.6022,0.5417,0,0,0,0,0,0,0,0,0,0,0,0,0,0,0,0,features=mobilenetv3_small_100,256,0.15,2,40,10,32,0.001,0.0005,0,FALSE,attn,off,FALSE,FALSE,FALSE,1024,1024,0,9-10-11-12-13-14-15-16-17-18-19-20-21-22-23-24,5-6-7-8,1-2-3-4,3
25/10/2025 12:23,mobilenetv3_small_100,mamba,42,1494793,5.7332,0.5417,0.5391,0.5381,0.5939,0.5391,0.5417,0.6022,0.5417,0,0,0,0,0,0,0,0,0,0,0,0,0,0,0,0,features=mobilenetv3_small_100,256,0.15,2,40,10,32,0.001,0.001,0,FALSE,attn,off,FALSE,FALSE,FALSE,1024,1024,0,9-10-11-12-13-14-15-16-17-18-19-20-21-22-23-24,5-6-7-8,1-2-3-4,3
25/10/2025 12:23,mobilenetv3_small_100,mamba,42,1933065,7.4092,0.5208,0.5195,0.5157,0.5744,0.5195,0.5205,0.586,0.5208,0,0,0,0,0,0,0,0,0,0,0,0,0,0,0,0,features=mobilenetv3_small_100,256,0.25,3,40,10,32,0.0007,0.0005,0.05,FALSE,attn,off,FALSE,FALSE,FALSE,1024,1024,0,9-10-11-12-13-14-15-16-17-18-19-20-21-22-23-24,5-6-7-8,1-2-3-4,3
25/10/2025 12:24,mobilenetv3_small_100,mamba,42,1933065,7.4092,0.5208,0.5195,0.5157,0.5744,0.5195,0.5205,0.586,0.5208,0,0,0,0,0,0,0,0,0,0,0,0,0,0,0,0,features=mobilenetv3_small_100,256,0.25,3,40,10,32,0.0007,0.001,0.05,FALSE,attn,off,FALSE,FALSE,FALSE,1024,1024,0,9-10-11-12-13-14-15-16-17-18-19-20-21-22-23-24,5-6-7-8,1-2-3-4,3
25/10/2025 12:24,mobilenetv3_small_100,mamba,42,1933065,7.4092,0.5417,0.5391,0.5438,0.6238,0.5391,0.5457,0.6299,0.5417,0,0,0,0,0,0,0,0,0,0,0,0,0,0,0,0,features=mobilenetv3_small_100,256,0.25,3,40,10,32,0.001,0.0005,0.05,FALSE,attn,off,FALSE,FALSE,FALSE,1024,1024,0,9-10-11-12-13-14-15-16-17-18-19-20-21-22-23-24,5-6-7-8,1-2-3-4,3
25/10/2025 12:25,mobilenetv3_small_100,mamba,42,1933065,7.4092,0.5417,0.5391,0.5438,0.6238,0.5391,0.5457,0.6299,0.5417,0,0,0,0,0,0,0,0,0,0,0,0,0,0,0,0,features=mobilenetv3_small_100,256,0.25,3,40,10,32,0.001,0.001,0.05,FALSE,attn,off,FALSE,FALSE,FALSE,1024,1024,0,9-10-11-12-13-14-15-16-17-18-19-20-21-22-23-24,5-6-7-8,1-2-3-4,3
2025-10-26 05:06:03,mobilenetv3_small_100,mamba,42,1494793,5.7331,0.5633,0.5656,0.5656,0.6053,0.5656,0.5633,0.6056,0.5633,0.49,0.4875,0.4854,0.5119,0.4875,0.4905,0.521,0.49,0.4567,0.4406,0.4417,0.45,0.4406,0.4574,0.466,0.4567,features=mobilenetv3_small_100,256,0.15,2,40,10,32,0.0007,0.0005,0.0,False,attn,off,False,False,True,1024,1024,0,1-4-8-9-10-11-12-17-19-20-21-22-23-24,2-5-14-15-16,3-6-7-13-18,4
2025-10-26 05:06:21,mobilenetv3_small_100,mamba,42,1494793,5.7331,0.43,0.4406,0.4063,0.4389,0.4406,0.4014,0.4415,0.43,0.3967,0.3969,0.3825,0.5061,0.3969,0.3766,0.5017,0.3967,0.39,0.3844,0.3647,0.3815,0.3844,0.3647,0.3761,0.39,features=mobilenetv3_small_100,256,0.15,2,40,10,32,0.0007,0.0005,0.0,False,attn,off,False,False,True,1024,1024,1,1-2-4-5-8-9-14-15-16-17-21-22-23-24,3-6-7-13-18,10-11-12-19-20,4
2025-10-26 05:06:40,mobilenetv3_small_100,mamba,42,1494793,5.7331,0.4367,0.4406,0.4304,0.4376,0.4406,0.428,0.4378,0.4367,0.3633,0.3563,0.346,0.3742,0.3563,0.3468,0.3659,0.3633,0.36,0.3594,0.3474,0.4459,0.3594,0.3473,0.4523,0.36,features=mobilenetv3_small_100,256,0.15,2,40,10,32,0.0007,0.0005,0.0,False,attn,off,False,False,True,1024,1024,2,1-2-3-4-5-6-7-9-13-14-15-16-18-22,10-11-12-19-20,8-17-21-23-24,4
2025-10-26 05:06:59,mobilenetv3_small_100,mamba,42,1494793,5.7331,0.3633,0.3406,0.3059,0.4084,0.3406,0.3263,0.4357,0.3633,0.4542,0.4414,0.4273,0.5656,0.4414,0.4315,0.5588,0.4542,0.5083,0.4961,0.4788,0.4873,0.4961,0.486,0.4894,0.5083,features=mobilenetv3_small_100,256,0.15,2,40,10,32,0.0007,0.0005,0.0,False,attn,off,False,False,True,1024,1024,3,2-3-5-6-7-10-11-12-13-14-15-16-18-19-20,8-17-21-23-24,1-4-9-22,4
2025-10-26 05:07:17,mobilenetv3_small_100,mamba,42,1494793,5.7331,0.4083,0.4258,0.3838,0.4171,0.4258,0.3817,0.4251,0.4083,0.4667,0.5,0.4557,0.5954,0.5,0.4625,0.6208,0.4667,0.4933,0.525,0.5022,0.5813,0.525,0.5137,0.6068,0.4933,features=mobilenetv3_small_100,256,0.15,2,40,10,32,0.0007,0.0005,0.0,False,attn,off,False,False,True,1024,1024,4,3-6-7-8-10-11-12-13-17-18-19-20-21-23-24,1-4-9-22,2-5-14-15-16,4
2025-10-26 05:08:32,mobilenetv3_small_100,mamba,42,1494793,5.7331,0.5833,0.5938,0.5917,0.6124,0.5938,0.5835,0.6078,0.5833,0.4767,0.4781,0.4656,0.5039,0.4781,0.4683,0.5128,0.4767,0.42,0.4125,0.3992,0.4274,0.4125,0.4058,0.4359,0.42,features=mobilenetv3_small_100,256,0.15,2,40,10,32,0.0007,0.001,0.0,False,attn,off,False,False,True,1024,1024,0,1-4-8-9-10-11-12-17-19-20-21-22-23-24,2-5-14-15-16,3-6-7-13-18,4
2025-10-26 05:08:50,mobilenetv3_small_100,mamba,42,1494793,5.7331,0.43,0.4406,0.4063,0.4389,0.4406,0.4014,0.4415,0.43,0.3967,0.3969,0.3825,0.5061,0.3969,0.3766,0.5017,0.3967,0.39,0.3844,0.3647,0.3815,0.3844,0.3647,0.3761,0.39,features=mobilenetv3_small_100,256,0.15,2,40,10,32,0.0007,0.001,0.0,False,attn,off,False,False,True,1024,1024,1,1-2-4-5-8-9-14-15-16-17-21-22-23-24,3-6-7-13-18,10-11-12-19-20,4
2025-10-26 05:09:09,mobilenetv3_small_100,mamba,42,1494793,5.7331,0.4367,0.4406,0.4304,0.4376,0.4406,0.428,0.4378,0.4367,0.3633,0.3563,0.346,0.3742,0.3563,0.3468,0.3659,0.3633,0.36,0.3594,0.3474,0.4459,0.3594,0.3473,0.4523,0.36,features=mobilenetv3_small_100,256,0.15,2,40,10,32,0.0007,0.001,0.0,False,attn,off,False,False,True,1024,1024,2,1-2-3-4-5-6-7-9-13-14-15-16-18-22,10-11-12-19-20,8-17-21-23-24,4
2025-10-26 05:09:29,mobilenetv3_small_100,mamba,42,1494793,5.7331,0.3633,0.3406,0.3059,0.4084,0.3406,0.3263,0.4357,0.3633,0.4542,0.4414,0.4273,0.5656,0.4414,0.4315,0.5588,0.4542,0.5083,0.4961,0.4788,0.4873,0.4961,0.486,0.4894,0.5083,features=mobilenetv3_small_100,256,0.15,2,40,10,32,0.0007,0.001,0.0,False,attn,off,False,False,True,1024,1024,3,2-3-5-6-7-10-11-12-13-14-15-16-18-19-20,8-17-21-23-24,1-4-9-22,4
2025-10-26 05:09:46,mobilenetv3_small_100,mamba,42,1494793,5.7331,0.4083,0.4258,0.3838,0.4171,0.4258,0.3817,0.4251,0.4083,0.4667,0.5,0.4557,0.5954,0.5,0.4625,0.6208,0.4667,0.4933,0.525,0.5022,0.5813,0.525,0.5137,0.6068,0.4933,features=mobilenetv3_small_100,256,0.15,2,40,10,32,0.0007,0.001,0.0,False,attn,off,False,False,True,1024,1024,4,3-6-7-8-10-11-12-13-17-18-19-20-21-23-24,1-4-9-22,2-5-14-15-16,4
2025-10-26 05:10:50,mobilenetv3_small_100,mamba,42,1494793,5.7331,0.58,0.6062,0.5884,0.6452,0.6062,0.58,0.6512,0.58,0.44,0.4438,0.4455,0.4745,0.4438,0.4449,0.4784,0.44,0.44,0.425,0.4143,0.4388,0.425,0.4262,0.449,0.44,features=mobilenetv3_small_100,256,0.15,2,40,10,32,0.0007,0.0005,0.0,False,attn,off,False,False,False,1024,1024,0,1-4-8-9-10-11-12-17-19-20-21-22-23-24,2-5-14-15-16,3-6-7-13-18,4
2025-10-26 05:11:18,mobilenetv3_small_100,mamba,42,1494793,5.7331,0.4633,0.4562,0.444,0.4623,0.4562,0.4477,0.464,0.4633,0.3767,0.3656,0.3537,0.4846,0.3656,0.3559,0.4636,0.3767,0.39,0.3844,0.3647,0.3815,0.3844,0.3647,0.3761,0.39,features=mobilenetv3_small_100,256,0.15,2,40,10,32,0.0007,0.0005,0.0,False,attn,off,False,False,False,1024,1024,1,1-2-4-5-8-9-14-15-16-17-21-22-23-24,3-6-7-13-18,10-11-12-19-20,4
2025-10-26 05:11:37,mobilenetv3_small_100,mamba,42,1494793,5.7331,0.3967,0.3937,0.3771,0.4095,0.3937,0.3795,0.4146,0.3967,0.3567,0.3469,0.3342,0.4165,0.3469,0.3392,0.4201,0.3567,0.36,0.3594,0.3474,0.4459,0.3594,0.3473,0.4523,0.36,features=mobilenetv3_small_100,256,0.15,2,40,10,32,0.0007,0.0005,0.0,False,attn,off,False,False,False,1024,1024,2,1-2-3-4-5-6-7-9-13-14-15-16-18-22,10-11-12-19-20,8-17-21-23-24,4
2025-10-26 05:11:56,mobilenetv3_small_100,mamba,42,1494793,5.7331,0.41,0.3875,0.3759,0.4265,0.3875,0.3951,0.4328,0.41,0.4583,0.4453,0.4451,0.568,0.4453,0.4494,0.5526,0.4583,0.5083,0.4961,0.4788,0.4873,0.4961,0.486,0.4894,0.5083,features=mobilenetv3_small_100,256,0.15,2,40,10,32,0.0007,0.0005,0.0,False,attn,off,False,False,False,1024,1024,3,2-3-5-6-7-10-11-12-13-14-15-16-18-19-20,8-17-21-23-24,1-4-9-22,4
2025-10-26 05:12:22,mobilenetv3_small_100,mamba,42,1494793,5.7331,0.4542,0.4648,0.4291,0.4474,0.4648,0.4311,0.4576,0.4542,0.5,0.5281,0.5111,0.599,0.5281,0.5239,0.6261,0.5,0.4933,0.525,0.5022,0.5813,0.525,0.5137,0.6068,0.4933,features=mobilenetv3_small_100,256,0.15,2,40,10,32,0.0007,0.0005,0.0,False,attn,off,False,False,False,1024,1024,4,3-6-7-8-10-11-12-13-17-18-19-20-21-23-24,1-4-9-22,2-5-14-15-16,4
2025-10-26 05:13:34,mobilenetv3_small_100,mamba,42,1494793,5.7331,0.5767,0.5969,0.5743,0.5991,0.5969,0.5762,0.613,0.5767,0.46,0.4625,0.4555,0.4622,0.4625,0.4569,0.4674,0.46,0.43,0.4312,0.4137,0.4365,0.4312,0.4163,0.4441,0.43,features=mobilenetv3_small_100,256,0.15,2,40,10,32,0.0007,0.001,0.0,False,attn,off,False,False,False,1024,1024,0,1-4-8-9-10-11-12-17-19-20-21-22-23-24,2-5-14-15-16,3-6-7-13-18,4
2025-10-26 05:14:02,mobilenetv3_small_100,mamba,42,1494793,5.7331,0.4633,0.4562,0.444,0.4623,0.4562,0.4477,0.464,0.4633,0.3767,0.3656,0.3537,0.4846,0.3656,0.3559,0.4636,0.3767,0.39,0.3844,0.3647,0.3815,0.3844,0.3647,0.3761,0.39,features=mobilenetv3_small_100,256,0.15,2,40,10,32,0.0007,0.001,0.0,False,attn,off,False,False,False,1024,1024,1,1-2-4-5-8-9-14-15-16-17-21-22-23-24,3-6-7-13-18,10-11-12-19-20,4
2025-10-26 05:14:20,mobilenetv3_small_100,mamba,42,1494793,5.7331,0.3967,0.3937,0.3771,0.4095,0.3937,0.3795,0.4146,0.3967,0.3567,0.3469,0.3342,0.4165,0.3469,0.3392,0.4201,0.3567,0.36,0.3594,0.3474,0.4459,0.3594,0.3473,0.4523,0.36,features=mobilenetv3_small_100,256,0.15,2,40,10,32,0.0007,0.001,0.0,False,attn,off,False,False,False,1024,1024,2,1-2-3-4-5-6-7-9-13-14-15-16-18-22,10-11-12-19-20,8-17-21-23-24,4
2025-10-26 05:14:40,mobilenetv3_small_100,mamba,42,1494793,5.7331,0.41,0.3875,0.3759,0.4265,0.3875,0.3951,0.4328,0.41,0.4583,0.4453,0.4451,0.568,0.4453,0.4494,0.5526,0.4583,0.5083,0.4961,0.4788,0.4873,0.4961,0.486,0.4894,0.5083,features=mobilenetv3_small_100,256,0.15,2,40,10,32,0.0007,0.001,0.0,False,attn,off,False,False,False,1024,1024,3,2-3-5-6-7-10-11-12-13-14-15-16-18-19-20,8-17-21-23-24,1-4-9-22,4
2025-10-26 05:15:06,mobilenetv3_small_100,mamba,42,1494793,5.7331,0.4542,0.4648,0.4291,0.4474,0.4648,0.4311,0.4576,0.4542,0.5,0.5281,0.5111,0.599,0.5281,0.5239,0.6261,0.5,0.4933,0.525,0.5022,0.5813,0.525,0.5137,0.6068,0.4933,features=mobilenetv3_small_100,256,0.15,2,40,10,32,0.0007,0.001,0.0,False,attn,off,False,False,False,1024,1024,4,3-6-7-8-10-11-12-13-17-18-19-20-21-23-24,1-4-9-22,2-5-14-15-16,4
2025-10-26 05:15:35,mobilenetv3_small_100,mamba,42,655241,2.5346,0.3867,0.425,0.3711,0.4701,0.425,0.3697,0.4852,0.3867,0.3333,0.3625,0.3181,0.3657,0.3625,0.3151,0.3744,0.3333,0.4033,0.4031,0.3865,0.4109,0.4031,0.3896,0.4186,0.4033,features=mobilenetv3_small_100,128,0.15,3,40,10,32,0.001,0.001,0.0,False,topk,off,False,False,True,1024,1024,0,1-4-8-9-10-11-12-17-19-20-21-22-23-24,2-5-14-15-16,3-6-7-13-18,4
2025-10-26 05:15:54,mobilenetv3_small_100,mamba,42,655241,2.5346,0.3833,0.4,0.3344,0.3965,0.4,0.3296,0.4032,0.3833,0.31,0.3031,0.2701,0.3094,0.3031,0.2719,0.3095,0.31,0.4033,0.3875,0.3449,0.3927,0.3875,0.3531,0.3903,0.4033,features=mobilenetv3_small_100,128,0.15,3,40,10,32,0.001,0.001,0.0,False,topk,off,False,False,True,1024,1024,1,1-2-4-5-8-9-14-15-16-17-21-22-23-24,3-6-7-13-18,10-11-12-19-20,4
2025-10-26 05:16:13,mobilenetv3_small_100,mamba,42,655241,2.5346,0.3333,0.3125,0.2743,0.3834,0.3125,0.2926,0.4089,0.3333,0.32,0.3031,0.2824,0.3544,0.3031,0.2954,0.3558,0.32,0.3633,0.3656,0.3669,0.426,0.3656,0.359,0.4134,0.3633,features=mobilenetv3_small_100,128,0.15,3,40,10,32,0.001,0.001,0.0,False,topk,off,False,False,True,1024,1024,2,1-2-3-4-5-6-7-9-13-14-15-16-18-22,10-11-12-19-20,8-17-21-23-24,4
2025-10-26 05:16:33,mobilenetv3_small_100,mamba,42,655241,2.5346,0.29,0.2719,0.2508,0.3582,0.2719,0.2675,0.3821,0.29,0.3417,0.3359,0.3102,0.4519,0.3359,0.3086,0.4487,0.3417,0.4417,0.4297,0.4373,0.5056,0.4297,0.4459,0.5126,0.4417,features=mobilenetv3_small_100,128,0.15,3,40,10,32,0.001,0.001,0.0,False,topk,off,False,False,True,1024,1024,3,2-3-5-6-7-10-11-12-13-14-15-16-18-19-20,8-17-21-23-24,1-4-9-22,4
2025-10-26 05:16:51,mobilenetv3_small_100,mamba,42,655241,2.5346,0.3625,0.3398,0.296,0.4479,0.3398,0.3157,0.4777,0.3625,0.4167,0.3906,0.336,0.474,0.3906,0.3584,0.5056,0.4167,0.41,0.4469,0.3754,0.4396,0.4469,0.3794,0.4565,0.41,features=mobilenetv3_small_100,128,0.15,3,40,10,32,0.001,0.001,0.0,False,topk,off,False,False,True,1024,1024,4,3-6-7-8-10-11-12-13-17-18-19-20-21-23-24,1-4-9-22,2-5-14-15-16,4
2025-10-26 05:17:38,mobilenetv3_small_100,mamba,42,1494793,5.7331,0.57,0.5906,0.5633,0.5991,0.5906,0.5645,0.613,0.57,0.4733,0.4844,0.4648,0.5155,0.4844,0.4659,0.5271,0.4733,0.47,0.4656,0.4493,0.4753,0.4656,0.4599,0.4917,0.47,features=mobilenetv3_small_100,256,0.15,2,40,10,32,0.001,0.0005,0.05,False,attn,off,False,False,True,1024,1024,0,1-4-8-9-10-11-12-17-19-20-21-22-23-24,2-5-14-15-16,3-6-7-13-18,4
2025-10-26 05:17:57,mobilenetv3_small_100,mamba,42,1494793,5.7331,0.44,0.4406,0.4059,0.4404,0.4406,0.408,0.4483,0.44,0.4033,0.4,0.3857,0.506,0.4,0.3831,0.5038,0.4033,0.41,0.4062,0.3991,0.4465,0.4062,0.4035,0.4551,0.41,features=mobilenetv3_small_100,256,0.15,2,40,10,32,0.001,0.0005,0.05,False,attn,off,False,False,True,1024,1024,1,1-2-4-5-8-9-14-15-16-17-21-22-23-24,3-6-7-13-18,10-11-12-19-20,4
2025-10-26 05:18:16,mobilenetv3_small_100,mamba,42,1494793,5.7331,0.4233,0.425,0.4133,0.4249,0.425,0.4135,0.4282,0.4233,0.3667,0.3594,0.352,0.4421,0.3594,0.3525,0.4345,0.3667,0.3933,0.4094,0.387,0.4861,0.4094,0.3807,0.493,0.3933,features=mobilenetv3_small_100,256,0.15,2,40,10,32,0.001,0.0005,0.05,False,attn,off,False,False,True,1024,1024,2,1-2-3-4-5-6-7-9-13-14-15-16-18-22,10-11-12-19-20,8-17-21-23-24,4
2025-10-26 05:18:35,mobilenetv3_small_100,mamba,42,1494793,5.7331,0.38,0.3563,0.323,0.4268,0.3563,0.3446,0.4553,0.38,0.4333,0.4219,0.4122,0.5571,0.4219,0.4154,0.5498,0.4333,0.5167,0.5,0.4752,0.4848,0.5,0.4878,0.4949,0.5167,features=mobilenetv3_small_100,256,0.15,2,40,10,32,0.001,0.0005,0.05,False,attn,off,False,False,True,1024,1024,3,2-3-5-6-7-10-11-12-13-14-15-16-18-19-20,8-17-21-23-24,1-4-9-22,4
2025-10-26 05:18:54,mobilenetv3_small_100,mamba,42,1494793,5.7331,0.4167,0.4062,0.4144,0.524,0.4062,0.4263,0.5441,0.4167,0.4333,0.4531,0.4457,0.6172,0.4531,0.4476,0.6391,0.4333,0.5133,0.5219,0.5163,0.5674,0.5219,0.5192,0.5804,0.5133,features=mobilenetv3_small_100,256,0.15,2,40,10,32,0.001,0.0005,0.05,False,attn,off,False,False,True,1024,1024,4,3-6-7-8-10-11-12-13-17-18-19-20-21-23-24,1-4-9-22,2-5-14-15-16,4
2025-10-26 05:19:29,mobilenetv3_small_100,mamba,42,1494793,5.7331,0.5067,0.5375,0.4762,0.4933,0.5375,0.4802,0.5086,0.5067,0.4033,0.4219,0.3637,0.4042,0.4219,0.3634,0.4144,0.4033,0.4267,0.4313,0.4063,0.4433,0.4313,0.4119,0.457,0.4267,features=mobilenetv3_small_100,256,0.2,2,40,10,32,0.001,0.0005,0.05,False,attn,off,False,False,False,1024,1024,0,1-4-8-9-10-11-12-17-19-20-21-22-23-24,2-5-14-15-16,3-6-7-13-18,4
2025-10-26 05:19:48,mobilenetv3_small_100,mamba,42,1494793,5.7331,0.4467,0.4562,0.4243,0.4367,0.4562,0.4212,0.44,0.4467,0.3767,0.3656,0.3534,0.4634,0.3656,0.3602,0.472,0.3767,0.44,0.4344,0.4202,0.4683,0.4344,0.426,0.4783,0.44,features=mobilenetv3_small_100,256,0.2,2,40,10,32,0.001,0.0005,0.05,False,attn,off,False,False,False,1024,1024,1,1-2-4-5-8-9-14-15-16-17-21-22-23-24,3-6-7-13-18,10-11-12-19-20,4
2025-10-26 05:20:07,mobilenetv3_small_100,mamba,42,1494793,5.7331,0.3933,0.3906,0.3741,0.4104,0.3906,0.3768,0.4165,0.3933,0.4233,0.4125,0.4011,0.5097,0.4125,0.4056,0.5104,0.4233,0.3867,0.3969,0.3838,0.4608,0.3969,0.3775,0.4633,0.3867,features=mobilenetv3_small_100,256,0.2,2,40,10,32,0.001,0.0005,0.05,False,attn,off,False,False,False,1024,1024,2,1-2-3-4-5-6-7-9-13-14-15-16-18-22,10-11-12-19-20,8-17-21-23-24,4
2025-10-26 05:20:26,mobilenetv3_small_100,mamba,42,1494793,5.7331,0.4033,0.3906,0.3828,0.4359,0.3906,0.3899,0.4353,0.4033,0.4125,0.4023,0.3917,0.4913,0.4023,0.3936,0.4796,0.4125,0.4833,0.4688,0.4603,0.4958,0.4688,0.4696,0.4992,0.4833,features=mobilenetv3_small_100,256,0.2,2,40,10,32,0.001,0.0005,0.05,False,attn,off,False,False,False,1024,1024,3,2-3-5-6-7-10-11-12-13-14-15-16-18-19-20,8-17-21-23-24,1-4-9-22,4
2025-10-26 05:20:44,mobilenetv3_small_100,mamba,42,1494793,5.7331,0.4458,0.4492,0.4161,0.4321,0.4492,0.4207,0.4431,0.4458,0.49,0.5125,0.4876,0.5452,0.5125,0.4967,0.5668,0.49,0.5233,0.5531,0.5222,0.5911,0.5531,0.5335,0.6161,0.5233,features=mobilenetv3_small_100,256,0.2,2,40,10,32,0.001,0.0005,0.05,False,attn,off,False,False,False,1024,1024,4,3-6-7-8-10-11-12-13-17-18-19-20-21-23-24,1-4-9-22,2-5-14-15-16,4
2025-10-26 05:21:32,mobilenetv3_small_100,mamba,42,1494793,5.7331,0.5667,0.5844,0.5596,0.595,0.5844,0.562,0.6095,0.5667,0.4733,0.4844,0.4648,0.5155,0.4844,0.4659,0.5271,0.4733,0.47,0.4656,0.4496,0.4754,0.4656,0.4606,0.4923,0.47,features=mobilenetv3_small_100,256,0.15,2,40,10,32,0.001,0.001,0.05,False,attn,off,False,False,True,1024,1024,0,1-4-8-9-10-11-12-17-19-20-21-22-23-24,2-5-14-15-16,3-6-7-13-18,4
2025-10-26 05:21:51,mobilenetv3_small_100,mamba,42,1494793,5.7331,0.44,0.4406,0.4059,0.4404,0.4406,0.408,0.4483,0.44,0.4033,0.4,0.3857,0.506,0.4,0.3831,0.5038,0.4033,0.41,0.4062,0.3991,0.4465,0.4062,0.4035,0.4551,0.41,features=mobilenetv3_small_100,256,0.15,2,40,10,32,0.001,0.001,0.05,False,attn,off,False,False,True,1024,1024,1,1-2-4-5-8-9-14-15-16-17-21-22-23-24,3-6-7-13-18,10-11-12-19-20,4
2025-10-26 05:22:09,mobilenetv3_small_100,mamba,42,1494793,5.7331,0.4233,0.425,0.4133,0.4249,0.425,0.4135,0.4282,0.4233,0.3667,0.3594,0.352,0.4421,0.3594,0.3525,0.4345,0.3667,0.3933,0.4094,0.387,0.4861,0.4094,0.3807,0.493,0.3933,features=mobilenetv3_small_100,256,0.15,2,40,10,32,0.001,0.001,0.05,False,attn,off,False,False,True,1024,1024,2,1-2-3-4-5-6-7-9-13-14-15-16-18-22,10-11-12-19-20,8-17-21-23-24,4
2025-10-26 05:22:29,mobilenetv3_small_100,mamba,42,1494793,5.7331,0.38,0.3563,0.323,0.4268,0.3563,0.3446,0.4553,0.38,0.4333,0.4219,0.4122,0.5571,0.4219,0.4154,0.5498,0.4333,0.5167,0.5,0.4752,0.4848,0.5,0.4878,0.4949,0.5167,features=mobilenetv3_small_100,256,0.15,2,40,10,32,0.001,0.001,0.05,False,attn,off,False,False,True,1024,1024,3,2-3-5-6-7-10-11-12-13-14-15-16-18-19-20,8-17-21-23-24,1-4-9-22,4
2025-10-26 05:22:48,mobilenetv3_small_100,mamba,42,1494793,5.7331,0.4167,0.4062,0.4144,0.524,0.4062,0.4263,0.5441,0.4167,0.4333,0.4531,0.4457,0.6172,0.4531,0.4476,0.6391,0.4333,0.5133,0.5219,0.5163,0.5674,0.5219,0.5192,0.5804,0.5133,features=mobilenetv3_small_100,256,0.15,2,40,10,32,0.001,0.001,0.05,False,attn,off,False,False,True,1024,1024,4,3-6-7-8-10-11-12-13-17-18-19-20-21-23-24,1-4-9-22,2-5-14-15-16,4
2025-10-26 05:23:22,mobilenetv3_small_100,mamba,42,1494793,5.7331,0.5067,0.5375,0.4762,0.4933,0.5375,0.4802,0.5086,0.5067,0.4033,0.4219,0.3637,0.4042,0.4219,0.3634,0.4144,0.4033,0.4267,0.4313,0.4063,0.4433,0.4313,0.4119,0.457,0.4267,features=mobilenetv3_small_100,256,0.2,2,40,10,32,0.001,0.001,0.05,False,attn,off,False,False,False,1024,1024,0,1-4-8-9-10-11-12-17-19-20-21-22-23-24,2-5-14-15-16,3-6-7-13-18,4
2025-10-26 05:23:41,mobilenetv3_small_100,mamba,42,1494793,5.7331,0.4467,0.4562,0.4243,0.4367,0.4562,0.4212,0.44,0.4467,0.3767,0.3656,0.3534,0.4634,0.3656,0.3602,0.472,0.3767,0.44,0.4344,0.4202,0.4683,0.4344,0.426,0.4783,0.44,features=mobilenetv3_small_100,256,0.2,2,40,10,32,0.001,0.001,0.05,False,attn,off,False,False,False,1024,1024,1,1-2-4-5-8-9-14-15-16-17-21-22-23-24,3-6-7-13-18,10-11-12-19-20,4
2025-10-26 05:24:00,mobilenetv3_small_100,mamba,42,1494793,5.7331,0.3933,0.3906,0.3741,0.4104,0.3906,0.3768,0.4165,0.3933,0.4233,0.4125,0.4011,0.5097,0.4125,0.4056,0.5104,0.4233,0.3867,0.3969,0.3838,0.4608,0.3969,0.3775,0.4633,0.3867,features=mobilenetv3_small_100,256,0.2,2,40,10,32,0.001,0.001,0.05,False,attn,off,False,False,False,1024,1024,2,1-2-3-4-5-6-7-9-13-14-15-16-18-22,10-11-12-19-20,8-17-21-23-24,4
2025-10-26 05:24:19,mobilenetv3_small_100,mamba,42,1494793,5.7331,0.4033,0.3906,0.3828,0.4359,0.3906,0.3899,0.4353,0.4033,0.4125,0.4023,0.3917,0.4913,0.4023,0.3936,0.4796,0.4125,0.4833,0.4688,0.4603,0.4958,0.4688,0.4696,0.4992,0.4833,features=mobilenetv3_small_100,256,0.2,2,40,10,32,0.001,0.001,0.05,False,attn,off,False,False,False,1024,1024,3,2-3-5-6-7-10-11-12-13-14-15-16-18-19-20,8-17-21-23-24,1-4-9-22,4
2025-10-26 05:24:37,mobilenetv3_small_100,mamba,42,1494793,5.7331,0.4458,0.4492,0.4161,0.4321,0.4492,0.4207,0.4431,0.4458,0.49,0.5125,0.4876,0.5452,0.5125,0.4967,0.5668,0.49,0.5233,0.5531,0.5222,0.5911,0.5531,0.5335,0.6161,0.5233,features=mobilenetv3_small_100,256,0.2,2,40,10,32,0.001,0.001,0.05,False,attn,off,False,False,False,1024,1024,4,3-6-7-8-10-11-12-13-17-18-19-20-21-23-24,1-4-9-22,2-5-14-15-16,4
2025-10-26 05:25:20,mobilenetv3_small_100,mamba,42,961353,3.6982,0.5467,0.5719,0.5356,0.5812,0.5719,0.5335,0.593,0.5467,0.4633,0.4563,0.4385,0.4861,0.4563,0.4461,0.4982,0.4633,0.49,0.4844,0.4808,0.5243,0.4844,0.4902,0.5395,0.49,features=mobilenetv3_small_100,192,0.25,2,40,10,32,0.001,0.0005,0.0,False,attn,off,False,False,False,1024,1024,0,1-4-8-9-10-11-12-17-19-20-21-22-23-24,2-5-14-15-16,3-6-7-13-18,4
2025-10-26 05:25:38,mobilenetv3_small_100,mamba,42,961353,3.6982,0.41,0.4344,0.3816,0.417,0.4344,0.3778,0.4247,0.41,0.3333,0.3375,0.3044,0.3942,0.3375,0.3053,0.4053,0.3333,0.3767,0.3719,0.3422,0.3677,0.3719,0.3422,0.3655,0.3767,features=mobilenetv3_small_100,192,0.25,2,40,10,32,0.001,0.0005,0.0,False,attn,off,False,False,False,1024,1024,1,1-2-4-5-8-9-14-15-16-17-21-22-23-24,3-6-7-13-18,10-11-12-19-20,4
2025-10-26 05:25:57,mobilenetv3_small_100,mamba,42,961353,3.6982,0.3667,0.3656,0.3414,0.3851,0.3656,0.3402,0.3862,0.3667,0.42,0.4156,0.4203,0.4661,0.4156,0.4224,0.4681,0.42,0.3367,0.3344,0.3192,0.3828,0.3344,0.3169,0.3798,0.3367,features=mobilenetv3_small_100,192,0.25,2,40,10,32,0.001,0.0005,0.0,False,attn,off,False,False,False,1024,1024,2,1-2-3-4-5-6-7-9-13-14-15-16-18-22,10-11-12-19-20,8-17-21-23-24,4
2025-10-26 05:26:16,mobilenetv3_small_100,mamba,42,961353,3.6982,0.37,0.3656,0.3633,0.4628,0.3656,0.364,0.4651,0.37,0.4333,0.4219,0.4087,0.5365,0.4219,0.4162,0.548,0.4333,0.4417,0.4297,0.4265,0.4642,0.4297,0.4318,0.457,0.4417,features=mobilenetv3_small_100,192,0.25,2,40,10,32,0.001,0.0005,0.0,False,attn,off,False,False,False,1024,1024,3,2-3-5-6-7-10-11-12-13-14-15-16-18-19-20,8-17-21-23-24,1-4-9-22,4
2025-10-26 05:26:45,mobilenetv3_small_100,mamba,42,961353,3.6982,0.45,0.4414,0.43,0.4773,0.4414,0.4364,0.4853,0.45,0.4667,0.4875,0.4663,0.5773,0.4875,0.464,0.5915,0.4667,0.4967,0.5094,0.4898,0.5598,0.5094,0.4914,0.5738,0.4967,features=mobilenetv3_small_100,192,0.25,2,40,10,32,0.001,0.0005,0.0,False,attn,off,False,False,False,1024,1024,4,3-6-7-8-10-11-12-13-17-18-19-20-21-23-24,1-4-9-22,2-5-14-15-16,4
